entry,col,line,text,flags,ocr,title
7002,83,1,la<r>gal [c]aes leganal <sθukt>ih . n<e>hunt • aisa<r>u . ust<e>n • fr a<te>m<er>ki . fust • ran<v>f kamusiaθrihtentχa • <p>i ml culiχna v--ura venelus nas nice] }-,ocr?,LA<R>GAL [C]AES LEGANAL <S6UKT>IH . N<E>HUNT • AISA<R>U . UST<E>N • FR A<TE>M<ER>KI . FUST • RAN<V>8 KAMUS1A6RIHTENTXA •,Tabula Capuana (TLE 2)
7002,83,2,<θ>j> • ril • <6>3 ml venerus limrcesa <clun> ml putiza pu[ri ias] alθrnas el acesχ acve i,,<6>J> • RIL • <6>3 Ml VENERUS LIMRCESA <CLUN> Ml PUTIZA PU[RI IAS] AL6RNAS El ACESX ACVE I,Tabula Capuana (TLE 2)
7002,83,8,-eθamsul scuvune marzac saca i,,+E6AMSUL SCUVUNE MARZAC SACA I,Tabula Capuana (TLE 2)
7002,83,9,l<s>vei tule ilucve a<p>irase leθamsul ilucu cu iesχu perpri cipen <a>pires,ocr?,l<S>VEI TULE ILUCVE A<P>IRASE LE9AMSUL ILUCU CU 1ESXU PERPRI CIPEN <A>PIRES,Tabula Capuana (TLE 2)
7002,83,10,racvanies huθ zusle riθna<i> tul tei snuza<i>nt eh<a>maiθi c<u>veis c<a>θnis f[a]<n>-,ocr?,RACVANIES HU6 ZUSLE RI6NA<I> TUL TEI SNUZA<1>NT EH<A>MAI6I C<U>VEIS C<A>9NIS F[A]<N>+,Tabula Capuana (TLE 2)
7002,83,11,-i<r>[i] marzaintehamaiθi <i>tal sacri utus ec< u>nzai iti alχu scuvse riθnai tu-,ocr-fixed,+I<R>[I] MARZAINTEHAMAI6I <I>TAL SACRI UTUS EC< U>NZAI ITI ALXU SCUVSE R10NAI TU+,Tabula Capuana (TLE 2)
7002,83,12,-l tei ci zusieacunsiricima nunoeri eθ iguma zu/,ocr-fixed ocr?,+L TEI CI ZUSIEACUNSIRICIMA NUNOERI E0 IgUMA ZU/,Tabula Capuana (TLE 2)
7002,83,13,-1 avθleoa<l>um vacil ia leeamsul nunoeri vacil ia riθnai taeθ aθene-,ocr?,+1 AV6LEOA<l>UM VACIL IA LEeAMSUL NUNOERI VACIL IA RI6NAI TAE6 A6ENE+,Tabula Capuana (TLE 2)
7002,83,14,-1 ca perpri celu tule apirase unial<θ>i <turza > esχ<a>θce el ig<um un>ialθ ara,ocr-fixed,+1 CA PERPRI CELU TULE APIRASE UN1AL<0>I <TURZA > ESX<A>0CE El Ig<UM UN>IAL6 ARA,Tabula Capuana (TLE 2)
7002,83,15,epnicei nunθ<c>uci iei tu<rza> i ri<e>[na]<l t>ae iti l<a> halχ aper tule a4es ilucu vacil zu χn-,,EPNICEI NUN6<C>UCI IEI TU<RZA> I RI<e>[NA]<l T>AE ITI l<A> HALX APER TULE A4ES ILUCU VACIL ZU XN+,Tabula Capuana (TLE 2)
7002,83,16,-e elfa rionai tul tr<a> i<svan>ec c<a>lus zusle <va> atu--ne<in p>avinaiθ acas a3-,ocr?,+E ELFA RIONAI TUL TR<A> 1<SVAN>EC C<A>LUS ZUSLE <VA> ATU»*NE<IN P>AVINAI6 ACAS A3+,Tabula Capuana (TLE 2)
7002,83,17,-es ci ta<r>t<i>ria ci <tu>rza <riθn>ai tula sn <e>naz<i>ulas t<r>a<v>aiuser h i vus ni<θ>usc ri-,,+ES CI TA<R>T<I>RIA CI <TU>RZA <RI6N>AI TULA SN <E>NAZ<I>ULAS T<R>A<V>AIUSER H I VUS NI<6>USC RI+,Tabula Capuana (TLE 2)
7002,83,18,-tanai tula hivus travaius<er s>ne[na]<z iu> [l]<a/,,-taNAI TULA HIVUS TRAVAIUS<ER S>NE[NA]<Z IU> [L]<A/,Tabula Capuana (TLE 2)
7002,83,19,isvei tule iluc<v>e a<pirase> laruns ilucu huχ -<a>nti <h>uri alχu esχaθ <s>an<ul i s> mulu-,,ISVEI TULE ILUC<V>E A<PIRASE> LARUNS ILUCU HUX  £<A>NTI <H>URI ALXU ESXA6 <S>AN<UL I S> MULU+,Tabula Capuana (TLE 2)
7002,83,20,-rizile zizr<ii>n p<uiian acasri> t<inia>n tule leoamsul il<u>cu perpri santi arvus,ocr?,+RIZILE ZIZR<II>N P<UIIAN ACASRI> T<INIA>N TULE LEOAMSUL IL<U>CU PERPRI SANTI ARVUS,Tabula Capuana (TLE 2)
7002,83,21,ta aius nunoeri,ocr?,TA AIUS NUN0ERI,Tabula Capuana (TLE 2)
7002,83,22,acalve aper tules aiuzie leoamsul il<uc>u perpr i santi mav<i>lu tuleiti-,ocr?,ACALVE APER TULES AIUZIE LEOAMSUL IL<UC>U PERPR I SANTI MAV<I>LU TULEITI+,Tabula Capuana (TLE 2)
7002,83,23,-<r> -ve<l> fa<l>a<u hu>- <husili> tule ve<lθur t><->----c la<v>t<un> 1 c<n l> seril turz<a> esχaθce i pa,,+<R> «VE<L> FA<L>A<U HU>* <HUSILI> TULE VE<L6UR T><*>**»*C LA<V>T<UN> 1 C<N l> SERIL TURZ<A>  ESXA6CE I PA,Tabula Capuana (TLE 2)
7002,83,24,cusna<fl>l<e> θanurari tu<rza e>sχaθ[ce] -<is> < -> <lav>tun i cn i zusle <->iχaciiul eses sal χe-,ocr?,CUSNA<fl>l<E> 6ANURARI TU<RZA E>SXA6[CE] *<IS> < *> <LAV>TUN I CN I ZUSLE <«>1XACIIUL ESES SAL XE+,Tabula Capuana (TLE 2)
7002,83,25,-1 calaieic <l>e<g l>---st [<t>a l<z> e i zal <r>apa z<al> -<a>--<viai a><->- <lav>tu<n> [ic]<n >l <s> e<r i l> turza e-,,+1 CALAIEIC <L>E<g l>***ST [<T>A l<Z> E I ZAL <R>APA Z<AL> *<A>**<VIAI A><*>* <LAV>TU<N> [IC]<N >l <S> E<R I L> TURZA E+,Tabula Capuana (TLE 2)
7002,83,26,-sχaθce laχuθ nunθe<ri> -ea<c>- a[c]<a>s<ri la> χo t<u>rza<is> esχ<a>[θ]--<e>cl-nj <acas> e 6 zusleva a-,ocr?,+SXA6CE LAXU6 NUN6E<RI> *EA<C>* A[C]<A>S<RI LA> X0 T<U>RZA<1S> ESX<A>[6]**<E>CL*nj <ACAS> E 6 ZUSLEVA A+,Tabula Capuana (TLE 2)
7002,83,27,-<s>ti<t>iizei acas<r>i pa<cu> <->----<->--<-> -laθium<iai> z<usle>- -<i>χaiei t<art> i r i i a i fa<nu>se- p<ap>θiai ra-,ocr-fixed ocr?,+<S>T1<T>IIZEI ACAS<R>I PA<CU> <*>♦*♦*<£>♦*<»)> *LA01UM<IAI> Z<USLE>! «<I>XAIEI T<ART> I R I I A I FA<NU>SE! P<AP>6IAI R,Tabula Capuana (TLE 2)
7002,83,28,-<i>uceχiniai t<e> i turza esχaθce <e>---ls,ocr?,+<I>UCEXINIA1 T<E> I TURZA ESXA6CE <E>***LS,Tabula Capuana (TLE 2)
7002,83,29,par <als>i ilucve isvei tule ti<n>unus seojmsa< lc> ilucu perpri cipen tartiria v<ac> i <f>-,ocr?,PAR <ALS>1 ILUCVE ISVEI TULE TI<N>UNUS SE0JMSA< LC> ILUCU PERPRI CIPEN TARTIRIA V<AC> I <F>+,Tabula Capuana (TLE 2)
7002,83,30,-u l i m-ob-- -------,ocr?,+U L I m&Ob** *^*****,Tabula Capuana (TLE 2)
7002,83,31,-e tula natinu<s>nal ilucu <i>tuna fulinusnai 0 enu<nte> eu--------,,"+E TULA NATINU<S>NAL ILUCU <I>TUNA FULINUSNAI 0 ENU<NTE> eU******""*",Tabula Capuana (TLE 2)
7002,83,90,corpus inscriptionwn etruscarum wisconsinense,ocr?,Corpus Inscriptionwn Etruscarum Wisconsinense,Tabula Capuana (TLE 2)
7002,83,32,macvilulule papu i <a>[pir]ase i lu------------ >a<sχr>a turz<a e>sχa[θce] •-- ae<s r>apa,,MACVILULULE PAPU I <A>[PIR]ASE I LU^)*********^© >A<SXR>A TURZ<A E>SXA[9CE] •*» AE<S R>APA,Tabula Capuana (TLE 2)
7002,83,33,fu-- ---- 5 -------- •ur--< > ---<l>---< i i e> -χ-χχχχ> <ti>fs <e>rsi hefina <r>apa,ocr?,"FU""* **** 5 *******^ •UR««< > ««»<L>*«*< I I E> -x»xxxx>  <TI>fS <E>RS1 HEFINA <R>APA",Tabula Capuana (TLE 2)
7002,83,34,rita papaθi <u> o [---] ->-< [---] [t]urza e[sχaθce] [---] [---] [---] < -><i>---<ce>,ocr?,RITA PAPA9I <U> o~*>»<~ [T]URZA E[SXA6CE] ~~~ < *><I>'»»<CE>,Tabula Capuana (TLE 2)
7002,83,35,ta- [---] [---] [---] o [---] [---] oo<sae>iχ raχu<θ t>ar-,ocr?,TA*~~~o~~oo<SAe>IX RAXU<9 T>AR+,Tabula Capuana (TLE 2)
7002,83,36,-vufcisasin<ezia> < -- - -><w-->-->--><w-<---- y - -•,ocr?,"+VU8CISAS1N<EZIA> < »« , «><w!«>»«>»«><w^<»««» y , «•",Tabula Capuana (TLE 2)
7002,83,37,zal θirie<a> <> -<>---<><>-o--<k>-<><><k>o<><><>-<>- < >oo< >0<>0 < > - -- <>< - ><>< [---] ta-,ocr-fixed ocr?,"ZAL 9IRiE<A> <> «<>»««<><>«o»«<k>©<><><k>o<><><>©<>© < >oo< >0<>0 < > , ""» <>< * ><>< ~TA+",Tabula Capuana (TLE 2)
7002,83,38,-rti[ria] - [---] <a>-<i>s<ela>s cerur<a>-,,+RTI[RIA] *~<A>»<I>S<ELA>S CERUR<A>+,Tabula Capuana (TLE 2)
7002,83,39,-zl lu--<ni> -ooooo--,ocr?,+ZL LU*»<NI> «ooooo*|,Tabula Capuana (TLE 2)
7002,83,42,•-•• - a,,•*•• | A,Tabula Capuana (TLE 2)
7002,83,43,aper <tul>[e] <k-<>o - 0<- --]<->e,ocr?,"APER <TUL>[E] <K,<>0 * 0<, **]<£>E",Tabula Capuana (TLE 2)
7002,83,44,<rai ai->-<e>-,,<RAI AI«>»<E>+,Tabula Capuana (TLE 2)
7002,83,45,-6 <tul><-><t>- -oooooooo--- fan- -,ocr?,"+6 <TUL><»><T>* ♦oooooooo*,^ FAN| +",Tabula Capuana (TLE 2)
7002,83,46,-ri <r> 1 1 a <- [---] --<pra>i,,+RI <R> 1 1 A <*~°*<PRA>I,Tabula Capuana (TLE 2)
7002,83,47,<p>- -<l>-,,<P>« »<L>«,Tabula Capuana (TLE 2)
7002,83,48,- <k-c --jri,,"* <K,c *^JRi",Tabula Capuana (TLE 2)
7002,83,49,<nei> o-rle<n>-,ocr?,<NEI> o»Rle<N>+,Tabula Capuana (TLE 2)
7002,83,50,-ai <--> <sver nunθ>,,+AI <**> <SVER NUN9>,Tabula Capuana (TLE 2)
7002,83,51,-<t>- <--χ>-us tule,,»<T>* <**x>*US TULE,Tabula Capuana (TLE 2)
7002,83,52,esχ aχ>- [---] <eχi>,,ESX AX>-~<EXI>,Tabula Capuana (TLE 2)
7002,83,53,t<un>--< -,,T<UN>**< ',Tabula Capuana (TLE 2)
7002,83,54,-χ<v>i--- -oo-latr,ocr?,+X<V>I**: ^oo^LATR,Tabula Capuana (TLE 2)
7002,83,55,u esiveiei>-,,U ESIVEIEI>+,Tabula Capuana (TLE 2)
7002,83,56,-slitsut<h>-<ui>,,+SLITSUT<H>»<UI>,Tabula Capuana (TLE 2)
7002,83,57,isve<i tul>[e] <->--<><><>-->-<><><><><-><>-<><>--- [---] [---] oc - > [---] el<e>a<l>tec<e>a-,ocr?,"ISVE<I TUL>[E] <*>««<><><>«*>«<><><><><«><>©<><>©©^ ~~ oc "" > ~EL<e>A<l>TEC<e>A+",Tabula Capuana (TLE 2)
7002,83,58,-<m> cuiti--<tu -oooooo-ooc. [tur]<za><-> es-,ocr?,+<M> CUITI**<TU ©oooooo^ooc. [TUR]<ZA><»> ES+,Tabula Capuana (TLE 2)
7002,83,59,-χae<ce> <><> < >-- ->----<><><χkχ>---><>--<-><>---- o-us <a>-<a>s ce<lutu>,ocr?,"+XAe<CE> <><> < >,: *>«»««<><><XKX>««*><>««<«><>©«^^ o*US <A>»<A>S CE<LUTU>",Tabula Capuana (TLE 2)
7002,83,60,aper tul-- -> <><>< > <>-<><><><><w [---] -<><k w --- o--<s>-ale,ocr?,APER TUL** !> <><>< > <>«<><><><><w~»<><k w »^^ o**<S>»ALE,Tabula Capuana (TLE 2)
7002,83,61,ce [---] e [---] <lc>--<>-<><><--< [---] <><>-<><><-> [---] >--- <χχ [---] oo-<ri>t<ai>--<aclχa>,ocr?,"CE~E~<LC>»»<>»<><><""»<~<><>«<><><«>~>«^^ <xx~oo*<RI>T<AI>»^<ACLXA>",Tabula Capuana (TLE 2)
7002,83,62,nisc lavtunu<i> 1 <c> [ n i ] o-c-so-ooooooooo---j -<s h>--,ocr-fixed ocr?,N1SC LAVTUNU<I> 1 <C> [ N I ] o^c-so^ooooooooo^^^J »<S H>*»,Tabula Capuana (TLE 2)
7002,83,63,-o-o---< ur>-s z - χunce,ocr-fixed,«o«o»*»< UR>|s Z | XUNCE,Tabula Capuana (TLE 2)
7002,83,3,limurcesta <ntlnas/> i,,LIMURCESTA <NTLNAS/> I,Tabula Capuana (TLE 2)
7002,83,900,</>stanl <p>u<r>uhem i <v> ikaθχermu<p> l-erkaru /,unaligned,</>STANl <P>U<R>UHEM i <V> IKA6XERMU<P> l*ERKARU /,Tabula Capuana (TLE 2)
7002,83,901,</>maru . sh<e>nim<e>mtit<e> . χs imeule<p> 1 <k> e/,ocr? unaligned,</>MARU . SH<E>N1M<E>MTIT<E> . XS IMEULE<P> 1 <K> E/,Tabula Capuana (TLE 2)
7002,83,902,/ > ia<rz>ismalvi . qan<r>ioe<r->/,ocr? unaligned,/ > IA<RZ>ISMALVI . QAN<R>I0E<R!>/,Tabula Capuana (TLE 2)
7002,83,903,/miame-tit<e> t --<u>χs i emulen ike,unaligned,/MIAME£TIT<E> t ^°<U>XS I EMULEN IKE,Tabula Capuana (TLE 2)
7002,83,904,/iar<z>issalvi,ocr? unaligned,/1AR<Z>ISSALVI,Tabula Capuana (TLE 2)
7002,83,905,qan<r>iθerini,unaligned,QAN<R>I6ERINI,Tabula Capuana (TLE 2)
7002,83,906,o-------- -<eriθuecu> vacil filpir surl lebams<u/,ocr? unaligned,"o^**""**** *<ERI6UeCU> VACIL filPIR SURl LEBAMS<U/",Tabula Capuana (TLE 2)
7002,83,907,/>l ci tartiria,unaligned,/>L CI TARTIRIA,Tabula Capuana (TLE 2)
7002,83,908,cim cleva acasri halχ tei vacil ice<u>suni savl/,unaligned,CIM CLEVA ACASRI HALX TEI VACIL ICE<U>SUNI SAVL/,Tabula Capuana (TLE 2)
7002,83,909,-ul]<u>rizile picasri savlasieis vacil lunasie /,ocr? unaligned,+UL]<U>RIZILE PICASRI SAVLASIEIS VACIL LUNAS1E /,Tabula Capuana (TLE 2)
7002,83,910,/faca iχnac fuli-,unaligned,/FACA IXNAC FULI+,Tabula Capuana (TLE 2)
7002,83,911,-nusnes vacil savcnes i tna mulirizile picas <->/,ocr? unaligned,+NUSNES VACIL SAVCNES I TNA MULIR1ZILE PICAS <«>/,Tabula Capuana (TLE 2)
7002,83,912,/i ian<e> vacil l-,unaligned,/I IAN<E> VACIL L+,Tabula Capuana (TLE 2)
7002,83,913,isv<ei> t<u>[le],unaligned,ISV<EI> T<U>[LE],Tabula Capuana (TLE 2)
7002,83,914,oooooooooooooo /,ocr? unaligned,oooooooooooooo /,Tabula Capuana (TLE 2)
7002,83,915,--oo-ooooooooo/,ocr? unaligned,««OO«OOO0OOOOO/,Tabula Capuana (TLE 2)
9001,92,44,θezi • vacl • an e->s in,,6EZI • VACL • AN E!>S IN,Liber Linteus (Runes)
9001,92,45,cletram - srenχve in scanin c<eal>χ • vacl,ocr-fixed,CLETRAM - SRENXVE IN SCAN1N C<EAL>X • VACL,Liber Linteus (Runes)
9001,92,46,ara nunθene • <s>asas • naχve • h<etu>m • <a>le,,ARA NUN6ENE • <S>ASAS • NAXVE • H<ETU>M • <A>LE ,Liber Linteus (Runes)
9001,92,47,vinum - usi . trin<um> fle<r>e in • crapst i,,VINUM » USI . TRIN<UM> FLE<R>E IN • CRAPST I,Liber Linteus (Runes)
9001,92,48,[u]n . mlaχ <•> nunsen • θaclθi • θa<χ>θ<i>v • cia<l>[χu]<s>,,[U]N . MLAX <•> NUNSEN • 6ACL6I • 6A<X>6<I>V •  CIA<L>[XU]<S>,Liber Linteus (Runes)
9001,92,49,huslne . vinum . esis • esera muera <cu>se,,HUSLNE . VINUM . ESIS • ESERA MUERA <CU>SE,Liber Linteus (Runes)
9001,92,50,fasei spurestres • enas eθrse • t i ns i,,FASEI SPURESTRES • ENAS E6RSE • T I NS I,Liber Linteus (Runes)
9001,92,51,tiurim • avils • χis > cisum • pute • tul θan<s,,TIURIM • AVILS • XIS > CISUM • PUTE • TUL 6AN<S ,Liber Linteus (Runes)
9001,92,52,hantec •> repine<c •> spureri <•> meslum<e>ri [c ],,HANTEC •> REPINE<C •> SPURERI <•> MESLUM<E>RI [C ],Liber Linteus (Runes)
9001,92,55,<-χχ> - --- i - fr a-o4-ooc--o---χ<k>-,ocr?,<«xx> » «*» i » fr a*o4^ooc*«o*«»x<K>&,Liber Linteus (Runes)
9001,92,56,eθrse • tinsi • tiurim • avils • χis • ec[n zer i],ocr-fixed,E6RSE • T1NSI • TIURIM • AVILS • XIS • EC[N ZER I],Liber Linteus (Runes)
9001,92,57,inc • zec • fler • sezince • cisum • pute • t[u l • sans],,INC • ZEC • FLER • SEZINCE • CISUM • PUTE • T[U L • SANS],Liber Linteus (Runes)
9001,92,58,hatec • repinec • meleri • sveleric • sv[ec n],,HATEC • REPINEC • MELERI • SVELERIC • SV[EC N],Liber Linteus (Runes)
9001,92,59,cs - mele • sun • mutince <•> θezine • ruz[e,ocr-fixed,CS » MELE • SUN • MUTINCE <•> 8EZINE • RUZ[E,Liber Linteus (Runes)
9001,92,60,nuzlχne] spur<e>ri • meθlumeric • enas,ocr-fixed,NUZLXNE] SPUR<E>RI • ME8LUMERIC • ENAS,Liber Linteus (Runes)
9001,92,61,[tei fasei] zarfnef zusleves <•> nunsen,ocr?,[TEI FASEI] ZARFNE8 ZUSLEVES <•> NUNSEN,Liber Linteus (Runes)
9001,92,62,[farfan flleres • in • crapst i <•> cletram,ocr?,[FAR8AN FlLERES • IN • CRAPST I <•> CLETRAM,Liber Linteus (Runes)
9001,92,63,[srenχv]<e> • raχθ tura <h>eχsθ • vinum,ocr-fixed,[SRENXV]<E> • RAX8 TURA <H>EXS8 • VINUM,Liber Linteus (Runes)
9001,92,64,[nunsen clletram . srenχve • raχθ • suθ,,[NUNSEN ClLETRAM . SRENXVE • RAX6 • SU6,Liber Linteus (Runes)
9001,92,65,izarfneθ] <zu>sleves • nunsen estrei,,IZARFNE6] <ZU>SLEVES • NUNSEN ESTREI,Liber Linteus (Runes)
9001,92,66,al4azei <• cl>etram • srencve • eim • tul,,AL4AZEI <• CL>ETRAM • SRENCVE • EIM • TUL ,Liber Linteus (Runes)
9001,92,71,meleri . s<veleric> • <sv>ec . an • cfi • mele • sun,,MELERI . S<VELERIC> • <SV>EC . AN • Cfi • MELE • SUN,Liber Linteus (Runes)
9001,92,72,mutinc<e> [sezine ruz]<e lu>z<lχne>c spure<r> i,ocr-fixed,MUT1NC<E> [SEZINE RUZ]<E LU>Z<LXNE>C SPURE<R> I,Liber Linteus (Runes)
9001,92,73,meslumeric <- e>nas . sin • <fl>ere <i>n - crap ati,,MESLUMERIC <» E>NAS . SIN • <FL>ERE <I>N - CRAP ATI,Liber Linteus (Runes)
9001,92,74,χis • esvisc - fase • sin • aiser <•> fase • si n,,XIS • ESVISC » FASE • SIN • AISER <•> FASE • SI N,Liber Linteus (Runes)
9001,92,75,a is . <c>emnac • fas<eis • r>a<χθ> • sutanas . /,ocr?,A IS . <C>EMNAC • FAS<E1S • R>A<X6> • SUTANAS . /,Liber Linteus (Runes)
9001,92,900,scan in <•> c<e>s<asi> sas <v/,unaligned,SCAN IN <•> C<E>S<ASI> SAS <V/,Liber Linteus (Runes)
9001,92,901,raχθ • tur • nunθenθ • fas i . cntram • el,ocr-fixed unaligned,RAX8 • TUR • NUN6EN6 • FAS I . CNTRAM • El,Liber Linteus (Runes)
9001,92,902,var celi <• sue • heχ>sθ • <v>inm . trin • fler/,ocr-fixed unaligned,VAR CEL1 <• SUe • HEX>S8 • <V>INM . TRIN • FLER/,Liber Linteus (Runes)
9001,92,903,in • crapst- • un <•> mlaχ • nunsen • χis • esv/,unaligned,IN • CRAPST! • UN <•> MLAX • NUNSEN • XIS • ESV/,Liber Linteus (Runes)
9001,92,904,fasei . cisum - pute - tul • san<s> hatec • rep/,unaligned,FASEI . CISUM - PUTE - TUL • SAN<S> HATEC • REP/,Liber Linteus (Runes)
9001,93,107,t>u-,,T>U*,Liber Linteus (Runes)
9001,93,108,ham-eθi • etnam • laeti . anc • θaχs i n,,HAM*E6I • ETNAM • LAETI . ANC • 6AXS I N,Liber Linteus (Runes)
9001,93,109,θeusnua . caperc . hec i • naχ . va • tinθ4sa,,6EUSNUA . CAPERC . HEC I • NAX . VA • TIN64SA,Liber Linteus (Runes)
9001,93,110,etnam • velθinal • etnam • aisunal • funχers,ocr?,ETNAM • VEL6INAL • ETNAM • AISUNAL • 8UNXERS,Liber Linteus (Runes)
9001,93,111,<in •> sacnicla •,,<IN •> SACNICLA •,Liber Linteus (Runes)
9001,93,112,zaθrumsne • lu<s>as fl<e>r • ham-isca • θezeri,,ZA6RUMSNE • LU<S>AS FL<E>R • HAM#ISCA • 6EZERI,Liber Linteus (Runes)
9001,93,113,laivisca . lustr<e>s . fl<er> vacltnam,,LAIVISCA . LUSTR<E>S . FL<ER> VACLTNAM,Liber Linteus (Runes)
9001,93,114,<θez>[eri] - --,,"<6EZ>[ERI] ' """"",Liber Linteus (Runes)
9001,93,115,etnam . eisn<a •> [in . fler]<es> crapsti,,ETNAM . EISN<A •> [IN . FLER]<ES> CRAPSTI,Liber Linteus (Runes)
9001,93,116,θunsna • θlns • fle<r>s,,6UNSNA • 6LNS • FLE<R>S,Liber Linteus (Runes)
9001,93,117,eslem . zafrumis • acale • tinsin • sar<v>e,ocr?,ESLEM . ZA8RUMIS • ACALE • TINSIN • SAR<V>E,Liber Linteus (Runes)
9001,93,118,luθti . raχ • ture . acil <• c>atica <•> θluθ • ceiθim,,LU6TI . RAX • TURE . ACIL <• C>ATICA <•> 6LU6 • CEI6IM,Liber Linteus (Runes)
9001,93,119,χim - scuχie - acil . hupnis • painiem,,"XIM "" SCUXIE ♦ ACIL . HUPNIS • PAINIEM",Liber Linteus (Runes)
9001,93,120,anc . martiθ • <s>ulal,,ANC . MARTI6 • <S>ULAL,Liber Linteus (Runes)
9001,93,122,[---] v,,~v,Liber Linteus (Runes)
9001,93,124,[ce]i<a> --- -- c -w--c->,,[CE]I<A> ««« «» c «w»«c»>,Liber Linteus (Runes)
9001,93,125,ceia • hia . etnam • ciz • vacl • trin • velθre,,CEIA • HIA . ETNAM • CIZ • VACL • TRIN • VEL6RE ,Liber Linteus (Runes)
9001,93,126,male . ceia • hia . etnam . ciz • vacl • aisval e,,MALE . CEIA • HIA . ETNAM . CIZ • VACL • AISVAL E,Liber Linteus (Runes)
9001,93,127,male • ceia • hia • trinθ . etnam - ciz • ale,,MALE • CEIA • HIA • TRIN6 . ETNAM » CIZ • ALE,Liber Linteus (Runes)
9001,93,128,male . ceia . hia • etnam • ciz • vacl - vile • vale,,MALE . CEIA . HIA • ETNAM • CIZ • VACL ■ VILE • VALE,Liber Linteus (Runes)
9001,93,129,staile . itrile . hia • ciz - trinθasa . sacnit n,,STAILE . ITRILE . HIA • CIZ » TRIN6ASA . SACNIT N,Liber Linteus (Runes)
9001,93,130,an • cilθ • ceχane • <s>al - sucivn • firin • < a>rθ,,AN • CIL6 • CEXANE • <S>AL » SUCIVN • FIRIN • < A>R6,Liber Linteus (Runes)
9001,93,131,vaχr • ceus • cilθcval • svem . cepen . tutin,,VAXR • CEUS • CIL9CVAL • SVEM . CEPEN . TUTIN,Liber Linteus (Runes)
9001,93,132,reuχzua . etnam . cepen • ceren • sucic • firin,,REUXZUA . ETNAM . CEPEN • CEREN • SUCIC • FIRIN ,Liber Linteus (Runes)
9001,93,133,tesim - etnam . celucum . cai<t>im • caperχ<v>a,,TESIM - ETNAM . CELUCUM . CAI<T>IM • CAPERX<V>A ,Liber Linteus (Runes)
9001,93,134,hecia . aisna • clevan<θ> • χim • enac • us<il,ocr?,HECIA . A1SNA • CLEVAN<6> • XIM • ENAC • US<IL,Liber Linteus (Runes)
9001,93,135,r>epine • ten<ea>------am----<maln>,ocr?,R>EP1NE • TEN<eA>*°****AM**^»<MAlN>,Liber Linteus (Runes)
9001,93,136,zelvθ • murss • etnam • θacac • usli <•> neχ<s> e,,ZELV6 • MURSS • ETNAM • 6ACAC • USLI <•> NEX<S> E,Liber Linteus (Runes)
9001,93,137,acil • ame • etnam • cilf<c>veti • hilar<e> . a c<il>,ocr?,ACIL • AME • ETNAM • CIL8<C>VETI • H1LAR<E> . A C<IL>,Liber Linteus (Runes)
9001,93,138,vacl • cepen • oaurχ • ce[r]ene • acil . etnam,ocr?,VACL • CEPEN • OAURX • CE[R]ENE • ACIL . ETNAM,Liber Linteus (Runes)
9001,93,139,ic - clevanθ • suci<χ> f [ iri ]<nv>en<e> • ac<i>l - <etnam>,,IC » CLEVAN9 • SUCI<X> F [ IRI ]<NV>EN<E> • AC<I>L ♦ <ETNAM>,Liber Linteus (Runes)
9001,93,140,tesim . etnam - celucn • vacl <•> ar<a> eu[m]l,,TESIM . ETNAM » CELUCN • VACL <•> AR<A> eU[M]l,Liber Linteus (Runes)
9001,93,141,<s>a<cni>c<leri •> ci<lθl> . ce<p>en <•> cile<c v>a <- cep>en,ocr-fixed,<S>A<CNI>C<LERI •> CI<L8L> . CE<P>EN <•> CILe<C V>A <♦ CEP>EN,Liber Linteus (Runes)
9001,93,142,cnticnθ - in - ceren <•> cepar • nac • amce • </,,CNTICN6 ♦ IN » CEREN <•> CEPAR • NAC • AMCE • </,Liber Linteus (Runes)
9001,93,900,sue • el sna • pevaχ • vinum • tra<u> • pruχs,unaligned,SUe • El SNA • PEVAX • VINUM • TRA<U> • PRUXS,Liber Linteus (Runes)
9001,93,901,/<vin>[um trin eiser sic seuc]<nun>[θen • et]<n/,unaligned,/<VIN>[UM TRIN EISER SIC SEUC]<NUN>[6EN • ET]<N/,Liber Linteus (Runes)
9001,93,902,ecn <•> zeri . lecin . <in>c • ze<c> • <f>asle /,unaligned,ECN <•> ZERI . LECIN . <IN>C • ZE<C> • <F>ASLE /,Liber Linteus (Runes)
9001,93,903,/• hemsince,unaligned,/• HEMSINCE,Liber Linteus (Runes)
9001,93,904,sacnicstres • cilθs • s<pur>estresc,unaligned,SACNICSTRES • CIL6S • S<PUR>ESTRESC,Liber Linteus (Runes)
9001,93,905,enas • eθrse • tinsi • tiurim • avil<s> • <χ> is/,unaligned,ENAS • E6RSE • TINSI • TIURIM • AVIL<S> • <X> IS/,Liber Linteus (Runes)
9001,93,906,cisum - pute • <t>ul • θans<ur> • haθrθi • repi/,unaligned,CISUM » PUTE • <T>UL • 6ANS<UR> • HA6R6I • REPI/,Liber Linteus (Runes)
9001,93,907,sacnic<l>eri . cilθl <•> spureri > meθlumeric,unaligned,SACNIC<L>ERI . CIL6L <•> SPURERI > ME6LUMERIC,Liber Linteus (Runes)
9001,93,908,enas . raχθ • sue • nunθenθ • etnam • farfan,ocr? unaligned,ENAS . RAX6 • SUe • NUN9EN6 • ETNAM • FAR8AN,Liber Linteus (Runes)
9001,93,909,aiseras . seus • cletram . srencve • racθ,unaligned,AISERAS . SEUS • CLETRAM . SRENCVE • RAC6,Liber Linteus (Runes)
9001,93,910,sue • nunθenθ • est<r>el . al-zei • eim • tul,unaligned,SUe • NUN9EN6 • EST<R>El . AL«ZEI • EIM • TUL,Liber Linteus (Runes)
9001,93,911,var • celi • sub • nunθenθ • eiser . sic • seuc/,ocr-fixed unaligned,VAR • CELI • SUB • NUN8EN6 • EISER . SIC • SEUC/,Liber Linteus (Runes)
9001,93,912,[unum muaχ <•> nunθen • χis . esvisc . <f>as<e/,unaligned,[UNUM MUAX <•> NUN6EN • XIS . ESVISC . <F>AS<E/,Liber Linteus (Runes)
9001,93,913,cisum • pute • tu<l> • θansur • haθrθi • rep i nś/,ocr-fixed unaligned,CISUM • PUTE • TU<L> • 6ANSUR • HA6R6I • REP I NO/,Liber Linteus (Runes)
9001,93,914,sacnicleri • cilθl • spureri . meθlumeri,unaligned,SACNICLERI • CIL6L • SPURERI . ME6LUMERI,Liber Linteus (Runes)
9001,93,915,enas • sin • eiser . sic • seuc • <χis • es>vis/,unaligned,ENAS • SIN • EISER . SIC • SEUC • <XIS • ES>VIS/,Liber Linteus (Runes)
9001,93,916,fase • sin • eiser . faseis . raχθ • sutanas,unaligned,FASE • SIN • EISER . FASEIS . RAX6 • SUTANAS,Liber Linteus (Runes)
9001,93,917,celi - sue • vacl • • θesnin •> raχ • cresverae,unaligned,CELI ' SUe • VACL • • 6ESNIN •> RAX • CRESVERAE,Liber Linteus (Runes)
9001,93,918,h<evtai> • tr<u>θ -celi • erc • suθce • citz •/,unaligned,H<EVTAI> • TR<U>6 -CELI • ERC • SU6CE • CITZ •/,Liber Linteus (Runes)
9001,93,919,hetrn • aclχ<n> ais • cemnac . truθt <•> raχs •/,unaligned,HETRN • ACLX<N> AIS • CEMNAC . TRU6T <•> RAXS •/,Liber Linteus (Runes)
9001,93,920,citz • vacl - nunθen . θesan . tins • θesan,unaligned,CITZ • VACL » NUN6EN . 6ESAN . TINS • 6ESAN,Liber Linteus (Runes)
9001,93,921,eiseras • seus • unum • mlaχ - nunθen • ee<l>v-/,unaligned,EISERAS • SEUS • UNUM • MLAX » NUN6EN • eE<l>V!/,Liber Linteus (Runes)
9001,93,922,faviti<c> • fasei • cisum . θesane . uslanec •,unaligned,FAVITI<C> • FASEI • CISUM . 6ESANE . USLANEC •,Liber Linteus (Runes)
9001,93,923,m<l>aχ <•> eluri • zeric • zec • aθelis • sacni/,unaligned,M<L>AX <•> ELURI • ZERIC • ZEC • A6ELIS • SACNI/,Liber Linteus (Runes)
9001,93,924,cilθl • spural • meθlumesc • enas <•> cla . θes/,unaligned,CIL6L • SPURAL • ME6LUMESC • ENAS <•> CLA . 6ES/,Liber Linteus (Runes)
9001,93,925,sn<ut>u-<>> l<χ reu>sce<s>c aniaχ urχ • <h>ilχ/,unaligned,SN<UT>U*<>> l<X REU>SCE<S>C ANIAX URX • <H>ILX/,Liber Linteus (Runes)
9001,93,926,ham-s <- l>eives • turi θui • streteθ • face,ocr-fixed unaligned,HAM«S <» L>EIVES • TURI 8UI • STRETE6 • FACE,Liber Linteus (Runes)
9001,93,927,apnis • aniaχ . apnis . urχ <•> peθereni • snu</,unaligned,APNIS • ANIAX . APNIS . URX <•> PE6ERENI • SNU</,Liber Linteus (Runes)
9001,94,1,em,,EM,Liber Linteus (Runes)
9001,94,179,e<c,,E<C,Liber Linteus (Runes)
9001,94,180,re>pinec • sacnicleri • ci[l]θl <•> spure<ri>,,RE>PINEC • SACNICLERI • CI[L]6L <•> SPURE<RI>,Liber Linteus (Runes)
9001,94,181,meθlumeric • enas • raχθ • tur • h<eχ>sθ,,ME6LUMERIC • ENAS • RAX6 • TUR • H<EX>S6,Liber Linteus (Runes)
9001,94,182,vinum . trin • flere • negunsl • un • mlaχ,,VINUM . TRIN • FLERE • NEGUNSL • UN • MLAX,Liber Linteus (Runes)
9001,94,183,nungen • zusleve • za<r>[ve • fas]<e>ic • ecn . zeri,,NUNGEN • ZUSLEVE • ZA<R>[VE • FAS]<E>IC • ECN . ZERI,Liber Linteus (Runes)
9001,94,184,lecin . in . zec • fler . θez[ince • s]<a>cnics tres,,LECIN . IN . ZEC • FLER . 6EZ[INCE • S]<A>CNICS TRES,Liber Linteus (Runes)
9001,94,185,cilθs - spurestres . <en>[as • eθ]r<s>e • tinsi,,CIL6S » SPURESTRES . <EN>[AS • E6]R<S>E • TINSI ,Liber Linteus (Runes)
9001,94,186,<t>iu<r>im <-> a<v>ils <. χ>is <•> ci<su>[m . p ute - tul • θans],,<T>IU<R>IM <»> A<V>ILS <. X>IS <•> CI<SU>[M . P UTE » TUL • 6ANS],Liber Linteus (Runes)
9001,94,187,hafec • rep 1 nec • sacnicleri • cilθl • spureri,ocr?,HA8EC • REP 1 NEC • SACNICLERI • CIL6L • SPURERI,Liber Linteus (Runes)
9001,94,188,meθlumeric . enas • raχθ • suo • nunθenθ,ocr?,ME6LUMERIC . ENAS • RAX6 • SUO • NUN6EN6,Liber Linteus (Runes)
9001,94,189,zusleve • faseic • farθan • flere<s> • n<e>θuns l,,ZUSLEVE • FASEIC • FAR6AN • FLERE<S> • N<E>9UNS L,Liber Linteus (Runes)
9001,94,190,raχθ • cletram • srenχve • nunθenθ,,RAX6 • CLETRAM • SRENXVE • NUN6EN6,Liber Linteus (Runes)
9001,94,191,estrei • al4azei - zusleve • raχe • eim • tul • var,ocr?,ESTRE1 • AL4AZEI ♦ ZUSLEVE • RAXe • EIM • TUL • VAR,Liber Linteus (Runes)
9001,94,192,nunθeno <•> estrei <• al4azei> • <tei •> f<asi - eim>,ocr?,NUN6ENO <•> ESTREI <• AL4AZEI> • <TEI •> F<ASI  » EIM>,Liber Linteus (Runes)
9001,94,193,tul • var -celi • suθ • nunθenθ • flere • neθu nsl,,TUL • VAR -CELI • SU9 • NUN9EN9 • FLERE • NE9U NSL,Liber Linteus (Runes)
9001,94,194,un • mlaχ . nunθen . χis • esvisc • fasei,ocr?,UN • MLAX . NUN9EN . XIS • ESV1SC • FASEI,Liber Linteus (Runes)
9001,94,195,cisum • pute • tul • θans . haθec • repinec,,CISUM • PUTE • TUL • 6ANS . HA6EC • REPINEC,Liber Linteus (Runes)
9001,94,196,sacnicleri • cilθl • spureri • meθlumeric,,SACNICLERI • CIL9L • SPURERI • ME6LUMERIC,Liber Linteus (Runes)
9001,94,197,enas • sin • vinum . flere • neθunsl • χis,,ENAS • SIN • VINUM . FLERE • NE9UNSL • XIS,Liber Linteus (Runes)
9001,94,198,nac<u>m <•> a i sna . hinθu • vinum . <t>ra<u p>r u<c>una,,NAC<U>M <•> A I SNA . HIN6U • VINUM . <T>RA<U P>R U<C>UNA,Liber Linteus (Runes)
9001,94,199,<in>,,<IN>,Liber Linteus (Runes)
9001,94,200,ciem cealχus • lauχumneti • eisna . θaχse,,CIEM CEALXUS • LAUXUMNETI • EISNA . 6AXSE,Liber Linteus (Runes)
9001,94,201,<-tufc>-----c-oooooo<χχw--ooooo-,ocr?,<^TUFC>*****c»oooooo<xxw»©ooooo*,Liber Linteus (Runes)
9001,94,202,o-<χ>-oo-o-ooo-->ooc->ck>ck>oo,ocr?,O^<X>^OO*O*0OO^->OOC->CK>CK>OO,Liber Linteus (Runes)
9001,94,203,<c>us • <p>eθereni • ciem • cealχuz • ca[pe]<n> i,,<C>US • <P>E6ERENI • CIEM • CEALXUZ • CA[PE]<N> I,Liber Linteus (Runes)
9001,94,204,marem . zaχ <•> ame • nacum • cepen • flanaχ,,MAREM . ZAX <•> AME • NACUM • CEPEN • FLANAX,Liber Linteus (Runes)
9001,94,205,vacl - ar ratum . χuru • peθereni • θucu,,VACL » AR RATUM . XURU • PE9ERENI • 9UCU,Liber Linteus (Runes)
9001,94,206,<a>rus - ame • acnesem . ipa . seθumati . simlχ a,,<A>RUS - AME • ACNESEM . IPA . SE9UMATI . SIMLX A,Liber Linteus (Runes)
9001,94,207,ai<s> . <za>rve . acil • <h>am-s <•> laes • <s >ulusi,,AI<S> . <ZA>RVE . ACIL • <H>AM«S <•> LAES • <S >ULUSI,Liber Linteus (Runes)
9001,94,208,θuni . ser4ue • acil • ipei . θu<t>a • cnl • χa sri,,9UNI . SER4UE • ACIL • IPEI . 9U<T>A • CNL • XA SRI,Liber Linteus (Runes)
9001,94,209,heχz . sul - scvetu - caenis • scanin • ve<l>θa,ocr-fixed,HEXZ . SUL - SCVETU » CAeNIS • SCAN1N • VE<L>6A ,Liber Linteus (Runes)
9001,94,210,ipe • ipa . maθcva . ama • trinum • hetrn • ac< l>χn,,IPE • IPA . MA6CVA . AMA • TRINUM • HETRN • AC< L>XN,Liber Linteus (Runes)
9001,94,211,e is - cemnac • iχ • velθa • etnam • tesim • etn/,,E IS « CEMNAC • IX • VEL6A • ETNAM • TESIM • ETN/,Liber Linteus (Runes)
9001,94,900,rin • velθre/,unaligned,RIN • VEL6RE/,Liber Linteus (Runes)
9001,94,901,4cl • aisval/,unaligned,4CL • AISVAL/,Liber Linteus (Runes)
9001,94,902,isa • sacnit/,unaligned,ISA • SACNIT/,Liber Linteus (Runes)
9001,94,903,cic . firi-n/,unaligned,CIC . FIRI-N/,Liber Linteus (Runes)
9001,94,904,caperχ<v>a/,unaligned,CAPERX<V>A/,Liber Linteus (Runes)
9001,94,905,suci • firin • etnam . <v>elθ-te • etnam - ai<s/,ocr? unaligned,SUC1 • FIRIN • ETNAM . <V>EL6!TE • ETNAM » AI<S/,Liber Linteus (Runes)
9001,94,906,vacl • ar . var . sc<un •> zeri - ceren • ce<pe/,unaligned,VACL • AR . VAR . SC<UN •> ZERI » CEREN • CE<PE/,Liber Linteus (Runes)
9001,94,907,θaurχ • etnam . iχ • matam • sucic • fi<ri>n,unaligned,6AURX • ETNAM . IX • MATAM • SUCIC • FI<RI>N,Liber Linteus (Runes)
9001,94,908,cere<n>[i en]as . ara . eunl • etnam • ceren,unaligned,CERE<N>[I EN]AS . ARA . eUNl • ETNAM • CEREN,Liber Linteus (Runes)
9001,94,909,vaclt<n>am [in]/,unaligned,VACLT<N>AM [IN]/,Liber Linteus (Runes)
9001,94,910,• ic • <e>svit<n/,unaligned,• IC • <E>SVIT<N/,Liber Linteus (Runes)
9001,94,911,/θucte . cis . saris • esvitn •,unaligned,/6UCTE . CIS . SARIS • ESVITN •,Liber Linteus (Runes)
9001,94,912,culs<c>va • <s>petri . <e>tnam,unaligned,CULS<C>VA • <S>PETRI . <E>TNAM,Liber Linteus (Runes)
9001,94,913,celi -> huθis • zaθrumis • flerχva • neθunsl,unaligned,CELI *> HU6IS • ZA6RUMIS • FLERXVA • NE9UNSL,Liber Linteus (Runes)
9001,94,914,sucri • θezeric • scara • priθas • raχ • tei,unaligned,SUCRi • 6EZERIC • SCARA • PRI9AS • RAX • TEI,Liber Linteus (Runes)
9001,94,915,m<e>nas • cltral • mulaχ • husina <•> vinum,unaligned,M<E>NAS • CLTRAL • MULAX • HUSINA <•> VINUM,Liber Linteus (Runes)
9001,94,916,<pa>iveism • acilθ • ame • ranem • s<c>ar<e>,unaligned,<PA>IVEISM • ACIL6 • AME • RANEM • S<C>AR<E>,Liber Linteus (Runes)
9001,94,917,reuχzina . caveθ • zuslevac • ma<e>ra <•> s<ur>/,unaligned,REUXZINA . CAVE6 • ZUSLEVAC • MA<e>RA <•> S<UR>/,Liber Linteus (Runes)
9001,94,918,<reu>χzineti - ramueθ • vinum • ac<il>θ ame,unaligned,<REU>XZINETI » RAMUE6 • VINUM • AC<IL>6 AME,Liber Linteus (Runes)
9001,94,919,mula . hursi - puruθn - vacl <•> us i . clucθras/,unaligned,MULA . HURSI » PURU6N » VACL <•> US I . CLUC6RAS/,Liber Linteus (Runes)
9001,94,920,caperi - zamfic • vacl • ar • flereri . sacnisa/,ocr-fixed ocr? unaligned,CAPER1 » ZAM8IC • VACL • AR • FLERERI . SACNISA/,Liber Linteus (Runes)
9001,94,921,sacnicleri - trin • flere • neθunsl • une,unaligned,SACNICLERI » TRIN • FLERE • NE9UNSL • UNE,Liber Linteus (Runes)
9001,94,922,mlaχ <•> puθs • oaclθ<.> sar tei zi<vas> f<l>e/,ocr? unaligned,MLAX <•> PU6S • OACL6<.> SAR TEI ZI<VAS> F<L>E/,Liber Linteus (Runes)
9001,94,923,θezine . ruze • nuzlχne • zati • zatlχne,ocr-fixed unaligned,6EZ1NE . RUZE • NUZLXNE • ZATI • ZATLXNE,Liber Linteus (Runes)
9001,94,924,sacnicstres • ci los • spurestres • enas,ocr? unaligned,SACNICSTRES • CI LOS • SPURESTRES • ENAS,Liber Linteus (Runes)
9001,94,925,eθrs<e> • tinsi • tiurim • avils • χis • hetrn,ocr-fixed unaligned,E6RS<E> • TINSI • TIUR1M • AVILS • XIS • HETRN,Liber Linteus (Runes)
9001,94,926,ac<lχ>n • <a> is . cemnaχ • θezin • fler - vacl,ocr? unaligned,AC<LX>N • <A> IS . CEMNAX • 6EZ1N • FLER » VACL,Liber Linteus (Runes)
9001,94,927,[et]nam • tesim . etnam • celucn • trin . alc,unaligned,[ET]NAM • TESIM . ETNAM • CELUCN • TRIN . ALC,Liber Linteus (Runes)
9001,94,928,[θeusnua . caperc • heci •] naχva • ara . nunoe/,ocr? unaligned,[9EUSNUA . CAPERC • HECI •] NAXVA • ARA . NUN0E/,Liber Linteus (Runes)
9001,94,929,[saθas . naχve • hetum • a]le • huslnests,unaligned,[SA6AS . NAXVE • HETUM • A]LE • HUSLNESTS,Liber Linteus (Runes)
9001,94,930,[trin . flere . neθuns]l • un • mlaχ nunθen,unaligned,[TRIN . FLERE . NE6UNS]L • UN • MLAX NUN6EN,Liber Linteus (Runes)
9001,94,931,[θaclθi θaχθiv cialχus] huslne • vinum esi,unaligned,[6ACL6I 6AX6IV CIALXUS] HUSLNE • VINUM ESI,Liber Linteus (Runes)
9001,94,932,[esera muera cuse] faseic . sacnicstreg,unaligned,[ESERA MUERA CUSE] FASEIC . SACNICSTREg,Liber Linteus (Runes)
9001,94,933,[cilθs • spurestres • enas • egrse] <tinsi>,ocr-fixed unaligned,[CIL8S • SPURESTRES • ENAS • EGRSE] <TiNSI>,Liber Linteus (Runes)
9001,94,934,/z<u>sleve - zarve • ecn <- zer> [ i] <l>ecin in[/,unaligned,/Z<U>SLEVE » ZARVE • ECN <► ZER> [ I] <L>ECIN IN[/,Liber Linteus (Runes)
9001,94,935,f>le<r> - θezince . sa<c>nicstres • cilθs,ocr-fixed unaligned,F>LE<R> » 9EZINCE . SA<C>NICSTRES • CIL8S,Liber Linteus (Runes)
9001,94,936,spurestres - enas eθr<s>e tinsi • tiurim,unaligned,SPURESTRES » ENAS E6R<S>E TINSI • TIURIM,Liber Linteus (Runes)
9001,94,937,<a>vils • χis • cisum - pute • tul • bans • hae/,unaligned,<A>VILS • XIS • CISUM ♦ PUTE • TUL • BANS • HAe/,Liber Linteus (Runes)
9001,95,211,am 9001 242,,AM 9001 242,Liber Linteus (Runes)
9001,95,212,celucn • hinθθin • χimf • ananc • e- i . vacl 9001 243,ocr?,CELUCN • HIN69IN • XIM8 • ANANC • E£ I . VACL 9001 243,Liber Linteus (Runes)
9001,95,213,scan<in> χ<asta upur> -- <t l>m<sen> ma<cn> ur 9001 244,,SCAN<IN> X<ASTA UPUR> ♦♦ <T l>M<SEN> MA<CN> UR 9001 244,Liber Linteus (Runes)
9001,95,214,eimitle • cafna<i>m <el f>aci • θimitle • unuθ 9001 245,ocr?,eiMITLE • CA8NA<I>M <EL F>ACI • 91MITLE • UNU6 9001 245,Liber Linteus (Runes)
9001,95,215,<h>uteri • ipa • <e>ucu • petna • <a>ma . nac •/ 9001 246 cal 9001 247,,<H>UTERI • IPA • <e>UCU • PETNA • <A>MA . NAC •/ 9001 246 CAL 9001 247,Liber Linteus (Runes)
9001,95,216,hinθu . heχz • velee . sanc<ve> . nuθin 9001 248,,HIN6U . HEXZ • VELeE . SANC<VE> . NU9IN 9001 248,Liber Linteus (Runes)
9001,95,217,sarsnaus • teis <•> t<u>ra <c>afnal • θuium 9001 248,ocr?,SARSNAUS • TEiS <•> T<U>RA <C>A8NAL • 6UIUM 9001 248,Liber Linteus (Runes)
9001,95,218,<χ>uru • cepen • sulχva • maθ<c>vac • pruθ <•> / 9001 249 seri 9001 250,ocr?,<X>URU • CEPEN • SULXVA • MA6<C>VAC • PRU9 <•> / 9001 249 SER1 9001 250,Liber Linteus (Runes)
9001,95,219,<vacl ara>fi -•-• <uceti cepen •> caeinum---<n> 9001 251,,"<VACL ARA>fi «•«• <UCETI CEPEN •> CAeiNUM""""""<N> 9001 251",Liber Linteus (Runes)
9001,95,220,zanes • vuvcnics • plutim • tei • mutzi • cesas/ 9001 252 i 9001 253,,ZANES • VUVCNICS • PLUTIM • TEI • MUTZI • CESAS/ 9001 252 I 9001 253,Liber Linteus (Runes)
9001,95,221,ara • ratum • aisna . leitrum • zuθeva • zal 9001 254,,ARA • RATUM • AISNA . LEITRUM • ZU9EVA • ZAL 9001 254,Liber Linteus (Runes)
9001,95,222,efilc . ci • halχza • θu • es i c • zal • mula • s/ 9001 255 antic 9001 255,,EfilC . CI • HALXZA • 6U • ES I C • ZAL • MULA • S/ 9001 255 ANTIC 9001 255,Liber Linteus (Runes)
9001,95,223,θapna • θa<p>n <•> zac <l>ena • esera • eec • </ 9001 256 v>eisna 9001 256,,6APNA • 6A<P>N <•> ZAC <L>ENA • ESERA • eEC • </ 9001 256 V>EISNA 9001 256,Liber Linteus (Runes)
9001,95,224,<h>austi . fanufie • n<e>r<is san>e [l]<p>a <e>u/ 9001 257 i . neri 9001 258,,<H>AUSTI . FANUfiE • N<E>R<IS SAN>E [l]<P>A <e>U/ 9001 257 I . NERI 9001 258,Liber Linteus (Runes)
9001,95,225,---- - -<χχ---------><--- qqqj 259,,"«««» , »<XX»««««««««><»»« QQQJ 259",Liber Linteus (Runes)
9001,95,226,s<a>ntic • vinum . θu 1 . θapnai . <θui>[ara]<fi / 9001 260 . mucum> 9001 261,,S<A>NTIC • VINUM . 6U 1 . 6APNAI . <6UI>[ARA]<fi / 9001 260 . MUCUM> 9001 261,Liber Linteus (Runes)
9001,95,227,hal<χze> • θu<i> • <ei>l - vacl . cesa<s>i<n> • / 9001 262 θumsa • ci<s>va 9001 263,,HAL<XZE> • 6U<I> • <ei>l » VACL . CESA<S>I<N> • / 9001 262 6UMSA • CI<S>VA 9001 263,Liber Linteus (Runes)
9001,95,228,n<e>ri • <v>anva • [f]arsi • putnam • θu • cal</ 9001 264 a>tnam 9001 264,,N<E>RI • <V>ANVA • [F]ARSI • PUTNAM • 6U • CAL</ 9001 264 A>TNAM 9001 264,Liber Linteus (Runes)
9001,95,229,tei . lena . <ha>ustis . <en>ac • <e>s 1 . catni/ 9001 265 s • heci 9001 266,,TEI . LENA . <HA>USTIS . <EN>AC • <E>S 1 . CATNI/ 9001 265 S • HECI 9001 266,Liber Linteus (Runes)
9001,95,230,spurta <•> sulsle • napti • θu i • lais cl<a> • / 9001 267 he<χz> • ner- 9001 267,ocr?,SPURTA <•> SULSLE • NAPT1 • 6U I • LAIS CL<A> • / 9001 267 HE<XZ> • NER+ 9001 267,Liber Linteus (Runes)
9001,95,232,u <m> . ----- . une • ml<aχ> •--</ 9001 269 nl> 9001 269,,U <M> . ♦**♦♦ . UNE • ML<AX> •*►</ 9001 269 Nl> 9001 269,Liber Linteus (Runes)
9001,95,233,<acal>[e] ------ [et]nam 9001 270,,<ACAL>[E] ♦*►**► [ET]NAM 9001 270,Liber Linteus (Runes)
9001,95,234,<vacl •> [v]inum . santis<a>s . celi . pen . tr/ 9001 270 utum 9001 271,,<VACL •> [V]INUM . SANTIS<A>S . CELI . PEN . TR/ 9001 270 UTUM 9001 271,Liber Linteus (Runes)
9001,95,235,91 • θapnests . <trit>anasa . hanθin • celi 9001 272,ocr?,91 • 6APNESTS . <TRIT>ANASA . HAN91N • CELI 9001 272,Liber Linteus (Runes)
9001,95,236,t<u>r • hetum . vinum • θic • vacl • heχz • etn/ 9001 273 am 9001 274,,T<U>R • HETUM . VINUM • 9IC • VACL • HEXZ • ETN/ 9001 273 AM 9001 274,Liber Linteus (Runes)
9001,95,237,iχ . matam <• c>ntic<nθ cep>en . tefiamitn 9001 274,,IX . MATAM <• C>NTIC<N9 CEP>EN . TEfiAMITN 9001 274,Liber Linteus (Runes)
9001,95,238,mu<r>---- <nunθen> etnam • el • truθ • etnam 9001 275,,MU<R>»*** <NUN9EN> ETNAM • el • TRU6 • ETNAM 9001 275,Liber Linteus (Runes)
9001,95,239,hanθin . etnam • celucn • <e>tnam • aθumitn 9001 276,,HAN9IN . ETNAM • CELUCN • <E>TNAM • A6UMITN 9001 276,Liber Linteus (Runes)
9001,95,240,peθereni . eslem - zaθrum • mur • in • veleinefi/ 9001 277 9001 278,,PE6ERENI . ESLEM - ZA6RUM • MUR • IN • VELeiNEfi/ 9001 277 9001 278,Liber Linteus (Runes)
9001,95,241,ciloθ • vacl • ara • θu i - useti . catneis • sl/ 9001 279 apiχun 9001 280,ocr?,C1L06 • VACL • ARA • 6U I » USETI . CATNEIS • SL/ 9001 279 APIXUN 9001 280,Liber Linteus (Runes)
9001,95,242,slaplnafi . favin • ufli . spurtn • eisna • hino/ 9001 281,ocr?,SLAPlNAfi . FAVIN • UFLI . SPURTN • EISNA • HINO/ 9001 281,Liber Linteus (Runes)
9001,95,900,eslem • cealχus • etnam • aisna • c<e>[sa]<l,unaligned,ESLEM • CEALXUS • ETNAM • AISNA • C<E>[SA]<L,Liber Linteus (Runes)
9001,95,901,t>uχlac • eθri • suntnam . ceχa,unaligned,T>UXLAC • E6RI • SUNTNAM . CEXA,Liber Linteus (Runes)
9001,95,902,<c>ntnam . θesan • fler • veives • θezeri,unaligned,<C>NTNAM . 6ESAN • FLER • VEIVES • 9EZERI,Liber Linteus (Runes)
9001,95,903,<etnam ai>[sna] -- <a> [ iχ] <huθis •> zaθrumi<s,unaligned,<ETNAM AI>[SNA] *♦ <A> [ IX] <HU9IS •> ZA6RUMI<5,Liber Linteus (Runes)
9001,95,904,flerχv<e> t[rin] <ne>θuns<l> • [l]n • θun<t> •,unaligned,FLERXV<E> T[RIN] <NE>6UNS<L> • [l]N • 6UN<T> •,Liber Linteus (Runes)
9001,95,905,/el <•> tul • var,unaligned,/El <•> TUL • VAR,Liber Linteus (Runes)
9001,95,906,θunem . [cialχus et]nam • iχ . eslem • cialχus,unaligned,6UNEM . [CIALXUS ET]NAM • IX . ESLEM • CIALXUS,Liber Linteus (Runes)
9001,95,907,tunt enac . etnam . a<e>um <•> i ca . θlu<θcva>,unaligned,TUNT ENAC . ETNAM . A<e>UM <•> I CA . 6LU<6CVA>,Liber Linteus (Runes)
9001,95,908,cesum - tei • lanti • ininc • efi i • tei . <rin>/,unaligned,CESUM » TEI • LANTI • ININC • Efi I • TEI . <RIN>/,Liber Linteus (Runes)
9001,95,909,streta • satr<s> • e<n>a- . <θ>u<c>u • ham-<θe/,unaligned,STRETA • SATR<S> • E<N>A£ . <9>U<C>U • HAM«<6E/,Liber Linteus (Runes)
9001,95,910,θui . arag . mucum • ania<χ>eg • rasna . hilar,unaligned,6UI . ARAg . MUCUM • ANIA<X>Eg • RASNA . HILAR,Liber Linteus (Runes)
9001,95,911,aisna • iχ • nac - reusce • aiseras • geug,unaligned,AISNA • IX • NAC - REUSCE • AISERAS • gEUg,Liber Linteus (Runes)
9001,95,912,θunχulem • muθ • hilarθune • etertic,unaligned,6UNXULEM • MU9 • HILAR6UNE • ETERTIC,Liber Linteus (Runes)
9001,95,913,caθre • χim • enaχ • unχva • meflumf • puts,ocr? unaligned,CA6RE • XIM • ENAX • UNXVA • ME8LUM8 • PUTS,Liber Linteus (Runes)
9001,95,914,muθ • hilarθuna . tecum • etrinθi • muθ,unaligned,MU9 • HILAR6UNA . TECUM • ETRIN6I • MU9,Liber Linteus (Runes)
9001,95,915,na<c θ>uc<a> . unχva . hetum . hilarθuna . θenθ/,unaligned,NA<C 9>UC<A> . UNXVA . HETUM . HILAR6UNA . 6EN6/,Liber Linteus (Runes)
9001,95,916,hursic • caplθu • ceχam • enac . eisna • hinθu,unaligned,HURSIC • CAPL6U • CEXAM • ENAC . EISNA • HIN6U,Liber Linteus (Runes)
9001,95,917,hetum . hilarθuna • etertic • caθra,unaligned,HETUM . HILAR6UNA • ETERTIC • CA6RA,Liber Linteus (Runes)
9001,95,918,etnam .aisna • iχ . matam • ----- vacl<t>n<a>m/,unaligned,ETNAM .AISNA • IX . MATAM • §§§§§ VACL<T>N<A>M/,Liber Linteus (Runes)
9001,95,919,cus • <e>luce . caper i • zamtic • s<v>em . bums/,unaligned,CUS • <E>LUCE . CAPER I • ZAMTIC • S<V>EM . BUMS/,Liber Linteus (Runes)
9001,95,920,matan . cluctras • hilar,unaligned,MATAN . CLUCTRAS • HILAR,Liber Linteus (Runes)
9001,95,921,cilθs - spurestrefic • ena]g . eθrse • tinsi,unaligned,CIL6S ' SPURESTREfiC • ENA]g . E6RSE • TINSI,Liber Linteus (Runes)
9001,95,922,[tiurim - avilg • χis • cisu]m . pute • tul • 6/,ocr-fixed unaligned,[TIUR1M » AVILg • XIS • CISU]M . PUTE • TUL • 6/,Liber Linteus (Runes)
9001,95,923,[hafrθi • repinθic • sacn] icleri . c i lθl,ocr? unaligned,[HA8R6I • REPIN9IC • SACN] ICLERI . C I L9L,Liber Linteus (Runes)
9001,95,924,/ooooooooooooooooooooeoooooooo,ocr? unaligned,/ooooooooooooooooooooeoooooooo,Liber Linteus (Runes)
9001,95,925,laaetifi • h[am4eθefi] •-oooooockk-c-ooo,ocr? unaligned,LAAETIfi • H[AM4E6Efi] •©oooooockk^c^ooo,Liber Linteus (Runes)
9001,95,926,• cialχus • masn <•> unialti • ursmnal,unaligned,• CIALXUS • MASN <•> UNIALTI • URSMNAL,Liber Linteus (Runes)
9001,95,927,acil • an • sacnicn • c i lθ • <c>eχa . sa/,ocr? unaligned,ACIL • AN • SACN1CN • C I L6 • <C>EXA . SA/,Liber Linteus (Runes)
9002,96,1,holme i z i natfχtziazi >,ocr?,HOLME I Z I NAtfXTZIAZI >,Лемносская стела
9002,96,2,- maraz i mav,,■ MARAZ I MAV,Лемносская стела
9002,96,3,sialχvei <l> z - av- - z,,SIALXVEI <l> Z ! AV! ■ Z,Лемносская стела
9002,96,4,evisθo i zeronale [l],ocr-fixed ocr?,EVIS90 I ZERONAle [l],Лемносская стела
9002,96,5,zivai,,ZIVAI,Лемносская стела
9002,96,6,vamalasial 1 zeronai [[-]] morinail,ocr-fixed ocr?,VAMALASIAL 1 ZERONAI [[!]] MORINAIL,Лемносская стела
9002,96,7,aker t tav [[•]] arzio,ocr?,AKER t TAV [[•]] ARZ10,Лемносская стела
9002,96,8,ho<l>a-v<z>l > 4okiasiale - zerozale - evirθo <-> tovero<m>a-,ocr?,H0<L>A!V<Z>l > 40KIASIALE ! ZEROZAle ■ EVIR60  <■> T0VER0<M>A+,Лемносская стела
9002,96,9,-rom i haralio - zivai i ep[t]ezio - ara i <i> t i- • 4oke .,ocr?,+R0M i HARAL10 ■ ZIVAI i EP[T]EZI0 ■ ARA I <i> T I* • 40KE .,Лемносская стела
9002,96,10,zivai - aviz - sialχviz [•] mara-- - aviz . aom a i,ocr?,ZIVAI : AVIZ ■ SIALXVIZ [•] MARA*! ■ AV1Z . AOM A I,Лемносская стела
9002,96,11,arzir,,ARZIR,Лемносская стела
9002,96,13,pa śl aze/,ocr-fixed,PA OL AZE/,Лемносская стела
9002,96,14,pelerloχ i ho,ocr?,PELERLOX i HO,Лемносская стела
9002,96,15,varθameza,,VAR6AMEZA,Лемносская стела
9003,96,1,an i one,ocr?,AN I ONE,печень Пьяченцы
9003,96,2,uni mae,,UNI MAE,печень Пьяченцы
9003,96,3,tec vm,,TEC VM,печень Пьяченцы
9003,96,4,leen,,LEeN,печень Пьяченцы
9003,96,5,eθ,,E9,печень Пьяченцы
9003,96,6,caθ,,CA6,печень Пьяченцы
9003,96,7,fuflu-,,FUFLU+,печень Пьяченцы
9003,96,8,-ns,,+NS,печень Пьяченцы
9003,96,9,selva,,SELVA,печень Пьяченцы
9003,96,10,lefns,ocr?,LE8NS,печень Пьяченцы
9003,96,11,tluscv,,TLUSCV,печень Пьяченцы
9003,96,12,ce,,CE,печень Пьяченцы
9003,96,13,cvl alp,,CVL ALP,печень Пьяченцы
9003,96,14,vetisl,,VETISL,печень Пьяченцы
9003,96,15,cilensl,,CILENSL,печень Пьяченцы
9003,96,16,tin cilen,,TIN CILEN,печень Пьяченцы
9003,96,17,tin evf,,TIN eVF,печень Пьяченцы
9003,96,18,tins θvf,,TINS 6VF,печень Пьяченцы
9003,96,19,leen,,LEeN,печень Пьяченцы
9003,96,20,nc,,NC,печень Пьяченцы
9003,96,21,lasl,,LASL,печень Пьяченцы
9003,96,22,fuflus,,FUFLUS,печень Пьяченцы
9003,96,23,caθa,,CA6A,печень Пьяченцы
9003,96,24,ci l en,,CI L EN,печень Пьяченцы
9003,96,25,selva,,SELVA,печень Пьяченцы
9003,96,26,leoms,ocr?,LEOMS,печень Пьяченцы
9003,96,27,tlusc,,TLUSC,печень Пьяченцы
9003,96,28,lusl vel,,LUSL VEL,печень Пьяченцы
9003,96,29,satr es,,SATR ES,печень Пьяченцы
9003,96,30,eetlume,,eETLUMe,печень Пьяченцы
9003,96,31,tlusc mar,,TLUSC MAR,печень Пьяченцы
9003,96,32,tinse nee,,TINSe NEe,печень Пьяченцы
9003,96,33,θuflθas,ocr-fixed,6UFL8AS,печень Пьяченцы
9003,96,34,leθam,ocr-fixed,LE8AM,печень Пьяченцы
9003,96,35,mar i,,MAR I,печень Пьяченцы
9003,96,36,herc,,HERC,печень Пьяченцы
9003,96,37,e,,e,печень Пьяченцы
9003,96,38,n,,N,печень Пьяченцы
9003,96,39,leta,,LETA,печень Пьяченцы
9003,96,40,marisl lae,,MARISL LAe,печень Пьяченцы
9003,96,41,tue,,TUe,печень Пьяченцы
9003,96,42,usils,,USILS,печень Пьяченцы
9003,96,43,tivr,,TIVR,печень Пьяченцы
9011,96,1,ae • vetu > m[a]rcias - arnoal,ocr?,Ae • VETU > M[A]RCIAS ■ ARNOAL,Харсекин 1
9012,96,1,larθ i fremrna . metrias,ocr?,LAR9 i FREMRNA . METR1AS,Харсекин 2
9013,96,1,ae - ane - titial > ar,,Ae ■ ANE ■ TITIAL > AR,Харсекин 3
9014,96,1,rus • alpan - ims • • • s,,RUS • ALPAN » IMS • • • S,Харсекин 4
9015,96,1,marce cavinas,,MARCE CAVINAS,Харсекин 5
9016,96,1,ml larus,,Ml LARUS,Харсекин 6
9021,96,1,<it>a • tmia • icac • he-,,<IT>A • TMIA • ICAC • HE+,Пирги (Паллоттино)
9021,96,2,-ramaś<va> [•] vat i eχe,,+RAMA(T<VA> [•] VAT I EXE,Пирги (Паллоттино)
9021,96,3,unialastr<e>s • θemia-,ocr?,UNIALASTR<E>S • 6EM1A+,Пирги (Паллоттино)
9021,96,4,-sa • meχ • θuta • θefa-,,+SA • MEX • 6UTA • 9EFA+,Пирги (Паллоттино)
9021,96,5,-riei • velianas • sal •,ocr?,+R1EI • VELIANAS • SAL •,Пирги (Паллоттино)
9021,96,6,cluvenias • turu-,,CLUVENIAS • TURU+,Пирги (Паллоттино)
9021,96,7,-ce • munistas • θuvas,ocr-fixed,+CE • MUNISTAS • 8UVAS,Пирги (Паллоттино)
9021,96,8,tameresca • ilacve •,,TAMERESCA • ILACVE •,Пирги (Паллоттино)
9021,96,9,tulerase • nac • ci • avi -,,TULERASE • NAC • CI • AVI +,Пирги (Паллоттино)
9021,96,10,-l • χurvar • teoiameit-,ocr?,+L • XURVAR • TE01AMEIT+,Пирги (Паллоттино)
9021,96,11,-ale • ilacve • alotase,ocr?,+ALE • ILACVE • ALOTASE,Пирги (Паллоттино)
9021,96,12,nac • atranes • zilac-,,NAC • ATRANES • ZILAC+,Пирги (Паллоттино)
9021,96,13,-al • seleitala • acnao-v-,ocr?,"+AL • SELEITALA • ACNAO""V+",Пирги (Паллоттино)
9021,96,14,-ers • itanim . heram-,,+ERS • ITANIM . HERAM+,Пирги (Паллоттино)
9021,96,15,-ve • avil • eniaca . pul-,,+VE • AVIL • ENIACA . PUL+,Пирги (Паллоттино)
9021,96,16,-umχva,,+UMXVA,Пирги (Паллоттино)
9021,96,17,nac • θefarie • vel-,,NAC • 9EFARIE • VEL+,Пирги (Паллоттино)
9021,96,18,-iiunas • θamuce,ocr?,+1IUNAS • 6AMUCE,Пирги (Паллоттино)
9021,96,19,cleva • etanal •,,CLEVA • ETANAL •,Пирги (Паллоттино)
9021,96,20,masan • tiur-,,MASAN • TIUR+,Пирги (Паллоттино)
9021,96,21,-unias • śelace • v-,,+UNIAS • (TELACE • V+,Пирги (Паллоттино)
9021,96,22,-acal • tmial • a-,,+ACAL • TMIAL • A+,Пирги (Паллоттино)
9021,96,23,-vilχval • amuc-,,+VILXVAL • AMUC+,Пирги (Паллоттино)
9021,96,24,-e • pulumχv-,,+E • PULUMXV+,Пирги (Паллоттино)
9021,96,25,-a • snuia-,,+A • SNUIA*,Пирги (Паллоттино)
9021,96,26,{{lrbt l- strt j sr qds,,{{LRBT L« STRT J SR QDS,Пирги (Паллоттино)
9021,96,27,-z -6 p c l w-fi ytn,,'Z *6 P C L W'fi YTN,Пирги (Паллоттино)
9021,96,28,tbry- • wlns mlk l l,,TBRY» • WLNS MLK l L,Пирги (Паллоттино)
9021,96,29,kysry- • byrh • zbh,,KYSRY' • BYRH • ZBH,Пирги (Паллоттино)
