entry,text,flags,shared_with_ciep,containment
1,67 3 ---r i sa 68 3 -al 89 3 ca talon /slevai api re nunθer- 1 caupne . la . puia < <f>arari • alun<e>- [•] <vel>usa • amθni • v • velθinei . alfial > - rafumsnas i 8 - cemtiui • capruna • • p • vap 28 29 > ceinei,ocr?,0,
3,[•] lupu • eitva • ta-,,1,0.64
34,lm want lm>g,,0,
41,1 lθ - setri > velθurnas,,0,
52,pultace . ce i cna . icapuinei l • larθru . oepza cure • malave pultace l [---] [---] -st-v<e>a <v>lca<e> fuluna <l>-ultace /acep fuluna . mazutiu l • larθu <l>a . armne alruz . fuluna l • larθu a . velan<i> . pu i ne a • velusna fasta . <l> larθu laθi • • 4lavi urmte l • armne masve . ceicn<e>i fwes etra -v- θusce . fvimv . l<a>roj . pac <e> /θusaθur se • lasva θlu θupit aisecetati /herace p e,ocr-fixed ocr?,1,0.37
53,fl • supri manince vipinal tra ulχnisla cl<t> • tatanus,ocr-fixed,1,0.88
54,{agatinia . l • f,,0,
59,- 2 larθalisa,ocr-fixed,0,
90,16 -umχva 20 masan • tiur- 4 -sa • meχ • θuta • θefa-,,0,
99,laris suplu,,1,
100,θania rannei presntessa,,1,1.00
101,ml - ma i velus i rutlnis i avlesla •,,1,0.93
102,avil s ril • 65,,0,
103,[la]<r>ti . taminai . ril • <21>,,0,
104,a • tite • a • cale • clanti . apunas • ril • 2/,,1,0.50
105,ml a<vile>- tite<s> . <- [---] <u>χs 1 e . muleni<k>e,,0,
106,θana • titi • au,,0,
107,raungu • titi • a • macuni[al],,0,
108,a • trepi • ril . 65,,0,
109,- ravntza • urinati . ar • ril • 2,,1,1.00
110,arnθ • urinate • ls,,0,
111,ml arnθial us l<ni>efi,,0,
112,a • f<lav>e • a • ceicnal,,0,
113,ls • flave • ls • curial • ril • 48,,0,
114,/ [• fl]ave • ls • felmuial . r . --,,0,
115,/ [• f]lave • ls • fe<lm>uial • r • 21,,0,
117,seθra i fulunei,,0,
118,ml . ma [.] suel> [•] l • fulus,,1,0.38
119,[θ]<a>na mi<nia avles cai>n<al>,,0,
120,au . <a>--nu-- - <> ----r i l • 21,,0,
121,av • c< [---] inu-e [.j vela[nia]<l> •,,0,
122,l • <c>< [---] [• la]risa[l • ri]l,,0,
123,θanχvilus • ca/,,0,
124,au • herace • l • felmuial,,0,
125,/te • l • apuna<l>,,1,0.86
126,<-> • ecs<e> • v • alpuialisa .,,1,0.93
127,[a]v • felmu [. ril •] 31,,0,
128,la[ri]s - f<e>[lm]<u> [-] <χ->-o<-χχ->o-->sal -<s>a,ocr?,1,
129,<l> • lautni . v • cav<i>a<l>,,0,
130,fa- [---] -vnei - l • velanial,,0,
131,/iu • s • prui<n-> • fulunal,,0,
133,/ • <l>s • vipinal,,1,0.88
135,•• t - --l [---] rei • s--- [---] 11,,0,
136,- . v[el]<a>ne • c<e> [ i ]<c>nal • <r> [.] 40,,0,
137,[l]<a>rθ • -le<iyχ>---<---l r - l . 10,,0,
138,av [•] -•<->--- • cai[a]l [.] <r>[il] <-->,,0,
139,a • ca--,,0,
285,fa<s>t<i> v---u[ o------,ocr?,0,
286,larθi . cainei θuricial,,0,
287,larθi • cainei . arntn i . aneg,ocr-fixed,0,
288,ar . capine lr,,0,
289,v • <v>et<e> . cainal,,0,
290,larθi . larnei . vipinal 1,ocr-fixed,1,1.00
291,2 ---χ-χχχ>,,0,
292,v • masu • au,,0,
293,ls i petrni . antinal,,1,1.00
294,aule . pumpu . alsin<al>,,0,
295,aulza • pun<p>u . vetual,,0,
296,larθi - pumpu i .• χeritnal -,,1,1.00
297,- l • utauni cainal,,0,
298,la . urinate velias,,0,
301,larce lecn<e> turce fleres uθur lanu eifi,ocr?,0,
302,ml . fleres . a--<n>ifiial,ocr?,0,
303,vnat,,1,
304,mena me cana c livini a <t>recte velus larfu- -rnis leprnal mlacas man i,ocr?,1,0.94
305,[a]u[le] anaini,,0,
306,lart < ancarni . vetial,,0,
307,aule • aulni • pr[usa] θnal,,1,
308,s • caes • seinal,,1,1.00
309,larθi - mac i a t sueitusi,ocr-fixed,1,0.95
310,ve • teti . vina,,0,
311,larθi - me<l>c<i> . <a>[nes] /larθi - melc<i> i ane[s],ocr-fixed,0,
312,mi hupnina larθ acrnis . larθial • fels- -nal,ocr-fixed,1,0.93
313,arnθ - titlni . arnθal,ocr-fixed,1,1.00
314,lart < titlni i scurf iu,,1,0.88
315,a . titulni • afur •,,1,
316,o---- - lefi - venzl- -e- -s . -<8> velnθes . latn i,ocr?,0,
317,ls • secu • l • alf- -nal,,0,
333,2 l • l • barba},,0,
340,1 arnt > fanak-,,0,
461,heva . vipiθur cucrinaθur > cainal,,0,
462,θana i tetnei - fa > presntesa,,1,0.88
463,la ziχu aninial,,1,0.57
464,arcenzioθ,ocr?,0,
466,-ana θusinei,,0,
467,lart kais θui,ocr-fixed,1,0.92
468,lart • θ<it>ni vipinal,,1,0.86
469,larθ • aules latn,,1,0.56
470,av • pumpuni,,0,
471,tinscvi l /ml - unia- -l - curtun,,1,0.83
472,tinscvil,ocr?,0,
473,culoans - v - preθnsa/,ocr?,0,
475,zerapiu > lautni - fraucnal,ocr-fixed,0,
476,eania • herini • tetinasa,,1,0.86
477,- lθ • tetina t latinial,,0,
479,vetes,,0,
482,at • vipi • titial,,0,
483,/lautn/- -/tutna/,,0,
484,larθia sepia lupuval,,1,0.71
485,larθ • laucini,ocr?,0,
486,larθia i serturia -,,0,
490,vipine cestna- -sa,,1,1.00
491,larθ ancar<ni> amre,ocr?,0,
492,θa i vipine ta4usa,,1,0.83
493,eana vuisinei muθuras,,1,0.85
585,sapicnal,,1,1.00
586,θania a<car>-a,ocr-fixed,1,1.00
587,a<v> . velefuri,ocr?,0,
588,euluni---,,1,0.83
589,θania > sainei afrfes,,0,
590,caine[i] tra<zl>[ug],,0,
591,lar > semni 1 larθ,,0,
592,θanicu - aθ . cae<-> lutniθa,,1,1.00
593,θa > acaria θa > <an>eine<i>,,0,
594,larθ < parna,,1,0.70
595,θana • an car i a velua,,0,
596,<v>el ca<f>ate,,0,
598,aules • se<c>,,1,0.25
599,larθ<lu>ci larθal,,1,0.87
600,peiθi - velus - caes,,0,
602,aule - cae > plautial,,0,
603,/ia vipin<e>[i .] a[rn]<θ>[al] <---- [patrnas [i],ocr?,0,
604,cusine,,1,1.00
605,cusine,,0,
606,larθ - vel<χ>ite - vi<pi>nal,,0,
607,capnal,,1,1.00
608,vel <p>eti<n>a[te] a- --,,1,
609,sana vipinei,ocr-fixed,1,1.00
610,fastia > lefaria,ocr?,0,
611,arza . uvie - arfa,ocr?,0,
612,ve<-->-ieti . au,,0,
613,aule • an[ei]<n> 1,,0,
614,vel • cafate larθalisa,ocr-fixed,1,0.91
615,vel petinate,,0,
616,larθi > velesial,,0,
617,vel i ane,,0,
618,larθ vipi-- 000,ocr-fixed,0,
721,1 larθ • meties • suθina,ocr-fixed,0,
803,1 a i e<a>,,1,
954,fasti > alfn-,,0,
955,<ne>pvr • papasla lavti,,0,
961,af • marcni • herme • plautira- -s • clan,ocr?,0,
962,af - marcni i herme > pla- -vtrias,ocr?,1,0.91
963,θana nurziunia,,1,1.00
964,af • ucumzna •,ocr?,0,
965,ar i tite . umranal,,0,
966,aθ - tite . ae > velsial,,0,
967,lars - tite - arnbal i velsial,,0,
968,laθi • calia,,0,
969,θania • tans i ne i,,0,
970,lars • causlin- i aules i vetnalis- -a .,,0,
971,θana . turzunia > causlinisa,,0,
972,θana • vetui . velus • causlinissa,,0,
973,/presn<t>e,,0,
974,ve<l> . tutna - larθialisa,,0,
975,arnθ . hele i velug . -remznal,ocr-fixed,1,
976,/ . velsia . trepunias . sec •,,0,
977,lθ • cae • lθ • eple • hast isa,ocr-fixed,1,0.86
978,nae ci cu peθnal netsvis,,1,0.93
979,arnθ veθ-------rs,,0,
982,{c • of ill i . c • f,ocr?,1,0.89
1012,/- • fle[c] fania • tit - • sveas • seiantial • --,ocr?,0,
1018,aθ • purni • titias,,0,
1020,larθi - saet- -nei - fansisa,ocr?,1,1.00
1021,larθia i saθnei > θansisa >,ocr-fixed,1,0.83
1022,<v>l - saθn<a>,,0,
1023,vel saθna,,0,
1024,vel - saona aa------,ocr?,0,
1025,velχrasa,,1,1.00
1026,θana • velχrei • ut i esa,ocr-fixed,1,1.00
1027,θana - velχrei - utie<s>a .,ocr-fixed,0,
1028,--χ-- • fansi • titia,ocr?,0,
1029,/auχu <k><>o<> s- <> a,ocr?,1,0.78
1030,larθ - larste - pacre,,0,
1031,larθ larst--- -,,0,
1032,larza • <l>arste • <l>arθalisa,ocr-fixed,0,
1033,vl • tetina • ve/,,0,
1034,lθ -- t<et>ina . vl - cul,,0,
1035,lθ - tetina -- seiantial,,0,
1036,aθ • cumer<e> • aθ veacial,,0,
1037,lθ - cumere > aθ - veacial,,1,1.00
1038,aθ • cumere • lθ latin ial,,1,1.00
1039,arnθ - cumere - arnθ-l tetinal,,1,1.00
1040,lar > cumere - arθl > tetinal,,1,0.93
1041,aθ • cumelrle----,,0,
1042,aθ i umrana - aθ > varna,,0,
1043,vl - umrana - tle,,0,
1044,larti • umranei • se- -ncusa,,1,0.26
1045,eania - seianti i lθ - <cu>merunia,,1,0.67
1046,en [emna - sati - cumerunia [mar]cnisa . tlesnal - s<e>[c],,1,
1162,sana - arntnei - perisalisa,,1,1.00
1163,la - pulfna . la i sei<an>tial,,1,1.00
1164,θania - seianti . perisal,,0,
1165,au . pulfna . la -- seiantial -,,0,
1166,seχtia},,0,
1167,θa • cainei -< [---] atuni,ocr-fixed,1,0.36
1168,hastia caini-in-,,1,0.83
1169,[ha]stia aniusa,,1,0.92
1171,lθ • ancari <ar>,,0,
1172,lθ > puntna velus,,0,
1173,<h>astia l[a]r[c]nei <v>l t<r>e[p]un iasa,,0,
1174,larθ > peθna i seθresa,,1,0.50
1175,laro peθna . alapusa . velsial,ocr-fixed ocr?,0,
1176,lθ - peθna - aś - titial . scir[e],ocr-fixed,0,
1177,sana - peθnei sciria . tutnasa helial > ----,,0,
1178,sana . peonei . sciria tutnasa,ocr?,0,
1179,larθ - fraucni . atainalisa,,1,0.85
1180,laris . fraucni . velusa > latinialisa,,0,
1181,sana . rematane -,,0,
1182,lθ > fraucni . tutnl i,,1,0.79
1183,aθ > frauni - hapre i tutnal -,,1,0.85
1184,tutnai,,0,
1185,aθ -- tutni . velθurus . veloritial isa,ocr-fixed ocr?,1,0.97
1186,ar i <f>raucni . arnθal - velual,,0,
1187,larθi - fraucnei . cumeresa .,,1,1.00
1188,aθ -- fraucni i rauhe,ocr-fixed,1,0.88
1189,θania . larci . fraucnisa,,1,0.64
1190,laris . sentinate - larcna .,,1,0.86
1191,θania . larcnei - seiesa,,0,
1192,arng- remzna arnθal < <-< -- > - <> cuntnuv/,,0,
1193,ar . sepiesa . ucumznal .,,1,0.94
1194,ar . remzna . nuse . zuχna,,0,
1195,aθ > remzna - zuχnal,,1,1.00
1196,hast i . herini . vent i a . remzanasa,,1,
1497,aθ • vecu • ag • alf,,0,
1498,ae • v<eou • ae • alfna<l>,ocr?,0,
1499,laroi • vecu i alf,ocr?,0,
1500,laroia . vecu i - alfnal,ocr?,1,1.00
1501,alfni • vec- -s,,1,0.56
1502,<a>θ - vecu - vipl<i>a<s>,ocr-fixed ocr?,0,
1503,θa • viplia . vecusa,,0,
1504,θania - viplia i [met]elial,,0,
1505,<θa>n<a> • p<e>iθi [•] vl •,,0,
1506,[la]<re>l<a> χ<er> l<t>n<e> i <peθnai->,,0,
1507,vel - percumsna - arnθal,,0,
1508,larθi - al -- lautn iθa > percumsnas,,0,
1509,laris - pumpu <h>ucu,,0,
1510,l<a> > pumpu,,0,
1511,θania > calunei - pumpuval,,0,
1512,larθi . cainei - pumpusa,,0,
1513,vl - sent i nate i arnθalisa,ocr?,1,0.91
1514,veliza - senti • vestrcial,,0,
1515,eana . senti . vl • remznal,,0,
1516,eana i remznei - viliasa .,,1,0.88
1517,θania - seianti - vi l ian ia > marcnal,,1,0.93
1518,vl • vilia . vl • mar • pur- -te,,1,0.70
1519,larθi - marcnei t tut • viliasa,ocr-fixed,0,
1520,śa > seianti . viliania . titial - sec,ocr-fixed,1,0.83
1521,θan • latini . vl • sia<t> viliasa,ocr-fixed,0,
1522,cicunia . titesa i,,0,
1523,cicunia t/,,0,
1524,au i acilu - latin ia,,0,
1525,visce • acilu,,0,
1526,lθ • seθre • tit ia,,0,
1528,oania . tutnei - pulfnal • tetinasa,ocr?,1,0.91
1529,licantre 1 tetinas > lautn i -,,1,0.87
1530,θ<ana> . anei • ar,,0,
1531,θana 1 cafati • lati- 00 -,,0,
1532,veliza celmnei,,1,1.00
1533,<veliza> celmn<e>i . ae • sec,ocr-fixed,0,
1534,lθ • <c>ure • [v]l,,0,
1535,larθ > ezna - larθalisa,,0,
1536,vel velχe zuχnal,,1,0.93
1842,larza - cae • aclnal,,0,
1843,laroi • cainei • aclnig,ocr?,0,
1844,la-cae ful,,1,0.83
1845,lθ - cae--- fulu f<χχ>-,,0,
1846,[la] rθ > cae - arnθ<a>[l • vipinalisa],ocr-fixed,1,0.89
1847,arno cae/,ocr?,1,0.86
1848,vel > cae - l<a>[rθal],,0,
1849,[l]<arθ> • ca<e> • aul<e>[-],,0,
1850,/cae/,,1,
1851,larza i c<a>e - velχ i eg,,0,
1852,lθ - cae i tutnas,,0,
1853,hastia > cainei - leusla,,0,
1854,cae i lautni i cult<e>ces,,0,
1855,cae<t> <>0-> -s larθal • laetne i,,0,
1856,[---] sus . ve • cali - -sus lare • caes lautni,,0,
1862,aule caini,,0,
1863,hast i vl χaine,,0,
1864,aule > caini - aueca,,0,
1865,cainei • aulesa,,0,
1866,aule cain- -<l> sainal,,0,
1867,aule - caini . tetnal . ae,,0,
1868,aθ • cai<ni>,,0,
1869,ae i caini > au t eansinal -,,0,
1870,sana . cain[ei] - ea - nena - --,ocr-fixed,0,
1871,hastia cainei,,0,
1872,[hastia >] c<ai>ne<i> - ---minasa .,ocr-fixed,1,0.94
1873,flastia . cainei . clantie • puia . ame,,0,
1938,larθia • calisnei vetias,,1,0.83
1939,arw3 cal is in i velu,,1,1.00
1940,l[r > ca]mas t helial .,,0,
1941,larθia . came i . larθisa . lau 1 gatnas,,1,0.64
1942,aule • camarine larθal • cainal,,0,
1943,hasoi - camarinei - pumpual -,ocr?,0,
1944,hastia < camarinei > rumatesa,ocr?,1,0.87
1945,auliu - camarines,,1,0.38
1946,vl . canzna . vl . vetnal,,1,0.86
1947,[tit]e<s> [can]zna,,1,1.00
1948,as . capiu . larθ-----,,0,
1949,av . capna . alfnal,,0,
1950,aθ . capsna . ecnatnal,,0,
1951,as . capsna . pu<m>pa<n>a,,0,
1952,arnza - capsna . seθrnal,,0,
1953,fania • seθrnei - capθnas <ve>[l . l]<eθ>e . carsna . hup ie,ocr?,0,
1954,sal ie - carcu . nat is,,0,
1956,lari carcna lafal,ocr?,1,0.93
1957,laro car<n>a velus,ocr?,0,
1958,vel . carna . larsal 1,,0,
1959,aθ • carna • vetlnal,,0,
1960,aθ > carnei > tutnas-,,0,
1961,ar > tutna tumu . carn- -<a>l,,1,
1962,ar . carziu,,1,0.14
1964,θana • ca- -rpnati . venusa,ocr-fixed,1,1.00
1965,lr 1 vipi . venu . carpna- -tial,,1,
1966,θana carpnti lulesa,ocr-fixed,0,
1967,{c . cartilius • l • f,,1,0.50
1968,aule s catni . aulesa,,0,
1969,vl - caule arnθal,,0,
1970,vel . caul<e> 1 arnθal 1,,0,
1971,lθ • causlini . lθ,,1,1.00
2095,ta<m>a . velces la[u]tni,,1,0.56
2096,ti-ile - lau velχes puliac,ocr-fixed ocr?,1,1.00
2097,/- [pum]pus . clan [l]<a>r<z>a [.] <la>u<tn> 1 [.] velχ eg • ------<>/,,0,
2098,vl • pumpu • velχ,,1,
2099,vel > pumpu - velχ ias >,,0,
2100,sana • pumpu i • velχ • cumnis- -a,,1,0.88
2101,velia . velχ i • <h> e<l> 1 a<l> l/,,0,
2102,sana . vel<χ>ia [t a]<r>neal -,ocr?,0,
2103,θania . velχai . sv[e]inal . unatasa,ocr-fixed ocr?,1,1.00
2104,vel • velχ[n]a - cainal -,,0,
2105,velχrei - sepiesa,ocr?,0,
2106,as • velcsna . luχrias,,0,
2110,θania i veleθnei > ucursa,,0,
2111,velθnei < latinis . pricesla,ocr?,0,
2112,arnθ > velθur t faplni-,ocr-fixed ocr?,0,
2113,arn<θa>l t velfurs - puia,ocr?,0,
2114,vip i - velθ<u>- -rs,,1,
2115,larθ veθura,,1,1.00
2116,lθ - velθ- -uru . aclnal,ocr-fixed,0,
2117,larθi • velθj- -ru<i>,,0,
2118,velicu,,1,1.00
2119,larθi • velia .,ocr-fixed,0,
2120,lautna . velia peθia,ocr-fixed,1,1.00
2121,larθi • velim- -ne,ocr-fixed ocr?,0,
2122,larθi • ve[l]nei . cve<r>fesa,ocr-fixed ocr?,0,
2123,au . vels- -cu - zuχu fvsntia,ocr?,1,0.70
2124,fasti - vescnei <,,0,
2125,arnθ > vels i - tutnal,ocr-fixed,1,1.00
2286,fufle >,,1,
2287,ar . herine . vipinal . fup,,0,
2288,vl • herine • ae • pumpual,,0,
2289,ha . pumpui . herinisa,,0,
2290,lθ . herini > clauce . caunu/,,0,
2291,ram3a [. um]<rini> . <her>inisa,ocr?,0,
2292,larθ • marinace . herinal,,0,
2293,aule . herine . petrual,,0,
2294,<v>el <he>rin<e> petrua<l>,,1,0.81
2295,vel t herine . petrual i,,0,
2296,<v>el <he>rin<e> petrual,,1,0.67
2297,fa . petrui ferinisa,ocr?,1,1.00
2298,larθ • herin<e> . uχu . larθal • ca<i>nal,ocr-fixed,1,
2299,[ha]s<ti>a . her<in> [---] [---] >apa/,,1,0.79
2300,larθi - herini <- aninal,,0,
2301,qa . he . pu,,1,0.33
2304,aθ - herme seθrnal,,1,0.89
2305,[has]ti . <s>etrnei [.] hermes a,,0,
2306,ha[stia se]θrnei her[mes]a,ocr?,0,
2307,sana . hermnei . ve<t>nisa,ocr?,0,
2308,<he>rm<ne>i .,,0,
2309,θania hilarunia,ocr?,1,0.89
2310,fania . hilarnia .,ocr?,0,
2311,lθ • hisu . purnal,ocr-fixed,1,0.86
2312,θn . p<e>rnei • hisusa,,0,
2313,au . hisucna [vipi]nal,ocr-fixed,1,0.94
2314,his - huc vulsisa,,1,1.00
2315,larθ • hupl<i>ce,ocr-fixed,0,
2316,huras,,1,
2317,huθunei fulni,,1,0.77
2318,larq - facutura,ocr?,0,
2319,larθ • <θ>actra . pruint< [---] [---],,0,
2320,< vl > . θactara . <l>e . au<l>ia<s> /vl i θactara . lθ - aulias -,ocr-fixed,1,0.85
2321,hastia . θactrei . <a>uliaθ . vl i,ocr-fixed,1,0.94
2322,sana laut niθa e in is,ocr-fixed,1,0.72
2323,seore - eans i,ocr?,0,
2324,la . fansi s . θansi,ocr?,1,0.75
2325,/<n>si . vi/ lau[tni],,0,
2326,ane . fasini latni .,ocr?,0,
2327,arno • θelazu . arθal,ocr-fixed ocr?,1,0.94
2328,arnθ • θelazu . arθa,,1,1.00
2329,aθ θelazu . carpkatial,,1,0.95
2330,larθ - θelazu . velug 1,ocr-fixed,0,
2331,larθ - θeprie . ve<t>nalisa,ocr-fixed,1,0.94
2332,θana . θeprinei . la<r>cesa .,,0,
2333,fesia - suθunal - puia,ocr?,0,
2334,larθi • θlainei . ez<na>[l],ocr-fixed,0,
2335,aule . θucerna . aule- -rna velu- -s,,0,
2336,aule θuce- -sa,,1,0.91
2337,θuθe,,0,
2338,arntiu θupites,,1,1.00
2339,lθ • turmna • s<t>atin l<al>,,0,
2340,/lautni 1 eufulsas /turce -,,1,
2341,ei<s>eras θuf<l>fi cvei - a,ocr?,1,0.80
2342,lanialisa,ocr-fixed,1,1.00
2343,vel • larce • letial .,,0,
2344,la . larc<e> . svestnal •,,0,
2345,larθ - larcna . arnθal,ocr-fixed,0,
2346,lθ -- larcna . laθl,ocr-fixed,0,
2347,ha<stia l>arcanaia,ocr?,0,
2348,af - larcna . lθ > tutnal,ocr-fixed ocr?,1,0.64
2349,af • larcna . tutnal,ocr?,0,
2350,vl 1 larcana . lθ • tu<tna>l 1,,0,
2351,ha . larcnei . tutnal isa,,1,0.69
2352,θa t tu . lus . larcnasa,,0,
2353,la larisa,,0,
2354,larθ - latiθe larθal,ocr-fixed,0,
2355,larθ - latiθe - cretlu,ocr-fixed,0,
2356,laθiti . afuna- -s<a>,,1,
2479,larθi . murin<e> 1 . <arntn>[al],ocr-fixed,0,
2480,arnθ j mu- -sclena - la- -rθal - lautn- -ete<ri>,,0,
2481,[a]rne - muscle<n>[a] larθal - lautn-<e>t<e>[ri ],ocr?,1,0.76
2482,vl • moti- -e • latn,ocr?,0,
2483,vl . mu[ti]e . <v>[l],,0,
2484,sana [.] lautnita • mutiesa .,ocr?,0,
2485,vl • mutu . vlus cainal,,1,0.83
2486,lθ • mutu • vl cnevnal,,1,1.00
2487,ve • mu • c,,1,
2488,vel mutre,,0,
2489,nicipur • naulisal • l,ocr-fixed,1,1.00
2490,arnθ • namu ltl,,0,
2491,sana • naria,,0,
2492,larθia i naria > caias <a>χual,ocr-fixed,1,0.86
2493,nevia,,1,
2494,au . nuzrni,,1,0.25
2495,au i nuzrni - caprinal -,,0,
2496,au • nuzrni caprias,,1,0.86
2497,θania • nuzrnei • pernal,,1,1.00
2498,fastia . nuinei,,0,
2499,θanχvil • nui/,ocr?,0,
2500,θa nui--- 5 --,,0,
2501,larθ • numsi . larθal - sceua,ocr-fixed,1,1.00
2502,velia - numisi . av • utanjsa,,0,
2503,ar i paci > hulu,,0,
2504,sana paisle- -ti ne /θana pa- -isleti,ocr?,1,0.52
2505,vel > pa[n]iaf<e l>[ar]<c>na<l>,ocr?,0,
2506,lθ - papa - pupainal -,,0,
2507,θan • larisal - papas,,0,
2509,aula - par<f>- -anas • la,ocr?,0,
2777,θana < seianti i vesacnisa - setmanal . sec,,0,
2778,θa . vesacnisa . setmanal . mes •,,0,
2779,θana tetine scans-,,1,1.00
2780,can i a - tatinai t s<e> ian<t>,ocr?,0,
2781,9 - helzu- -1 1 larc-,,0,
2782,<θa>na • h<e>[l]sui • la<r>c[na]<l>,,1,0.88
2783,θana • tiscusn- -ei,,0,
2784,tiscusne,,0,
2785,ve • severpe lθ • t . zi eana,,1,
2786,aθ • hanusa .cicu,ocr-fixed,0,
2787,/ sveslisa <e-ana seianti [i s i ] nu<n> ia i vel<ea>l . seχ -/,,0,
2788,velia . senti . vl • velesa,,0,
2789,sinunia - lθ - cicus . papanias,,0,
2790,θania > seianti i trepunia - tutn- -al,ocr-fixed,1,1.00
2791,seanti - trepunia i latini<sa>,ocr?,0,
2792,<l>[a]rθi 1 seinei i,,0,
2795,vl seple,,0,
2796,vel • se<pi>e,,1,
2797,laθ<a>[l] - sepies,,0,
2798,θa<ni>a 1 seprsnei i altt-a,,1,0.75
2799,af • septle • lθ vipinalisa,ocr?,1,0.91
2800,lθ • septle • vipina[l],,0,
2801,veinza serice cicu,,1,0.94
2803,vel - serturu crutlunias,,0,
2804,vel > serturu - marias,,0,
2805,arnθ - spltur > larθal,ocr-fixed,1,1.00
2806,velia > spla- -turs,,0,
2807,velia > splaturia . s,,0,
2808,larθi spu- -rinei,ocr-fixed,1,1.00
2809,arnt • s[t]eprni krutpujs,,1,1.00
2810,f . sticu . <h>/,,0,
2811,vel . supluni /larθi i ate i,,0,
2812,arnza . suplunias,,1,
2813,arnza . suplumias,,0,
2814,arnza . suplu.mias,,0,
2815,<s>usinei pumpna-,ocr?,1,1.00
2816,hastia i t- -arcsnei,,0,
2817,ae < ta-ne . vl - ancarual .,,0,
2818,la • tel i,,0,
2820,ar . tet[a] . ve- -cainal [-] <h>isun-as,,0,
2821,/teta<- a>θ /a<nal>,,1,0.64
2823,[a]u > tete - i -<>---> tn---,,0,
2824,l • teti . susinal,,0,
2825,larθia teti cainei,,1,0.83
2826,la<rt>ia . t<ee>nia • m<u>tus<a>,,0,
2827,laris i tetina - arn3al,ocr-fixed,0,
2828,larθ - te • la- -risal,ocr-fixed,0,
2829,af - tetina - hlial - ae,ocr?,1,0.53
2830,af - tetina i helial,ocr?,0,
2831,aule • tetina . lauχmsa<l> is<a>,,0,
2832,ae - tetina < marcnal •,,0,
2833,ltθ - tetina - marcnal,,0,
2834,a i tetina . a . peiswl,,1,0.44
2835,tinusi . tetinas lautni . larces,,0,
2836,tinusi laut,,1,1.00
2837,-rse [. lau]<t>ni lθ i tetinas,,0,
2838,larθia . tetinei . cum- -eresa,ocr-fixed,1,
2839,larθia,,1,0.43
2911,au - tite - nurziu,ocr?,0,
2912,sana . titi . nurziuni<a>,,0,
2913,arng [1] tite - panza,,0,
2914,larθi <•> [---] [---] <n>ei <•> lθ i panzas,,0,
2915,larti - titi sap in i,,0,
2916,sana titi secunia t ste 00 --,,0,
2917,hasti . titi • svenia • tiscusnalisa,ocr-fixed,0,
2918,vl • tite-------,,0,
2919,veliea 1 titi vetus,,0,
2920,veliea . titi • vetusa,,0,
2921,vel . titi aule,,0,
2922,vel t tite > aules,,0,
2923,vel • tite . hele,,0,
2924,sana . titia vipina,,1,0.43
2925,velia . vel[[si]] • titi[[al]] • vip<e>sa,,1,0.83
2926,vl • tite mulsu<n>a,,1,0.88
2927,ar . meluta . larθal - titial > clan .,,0,
2928,/ine 1 <m>elu<t>nal -,ocr?,0,
2929,vl - tite 1 s<vea> . maricanial >,ocr?,0,
2930,fasti 1 titlnei .,,0,
2932,/<e> • ti4ane,,0,
2933,aθ • ti-ile,ocr?,0,
2934,aθ > ti-ile 1 palpe i pulias,ocr?,1,0.95
2936,vel • tlapu > ae - vipinal - clan >,ocr-fixed,0,
2937,aθ 1 tlesna . vl t,,0,
2938,vl • tlesna . hermial,,0,
2939,lθ • tlesna lθ - arntnal,,0,
2940,<θ>ania • tlesn- -ei,,0,
2941,θania tle<s>nei piutes,,1,1.00
2942,vl - tlesna • cecnu • latinial,ocr-fixed,1,1.00
2943,9 • tl • la • vescusa,,0,
2944,sana . tlesnei • latinial vescusa -,,0,
2945,fasti 1 tlesnei < clatia umranasa,,0,
2946,sana • tlesnei • umrana,,1,0.89
3324,/- naper -,,1,
3325,arnθ aneis numnas,ocr-fixed,0,
3326,hermial • capznasl[a] man . seχis • capzna[s],ocr-fixed,0,
3327,ar • presnte • serturial,,1,1.00
3328,sana • serturi,,0,
3331,{l • scribonius,ocr?,0,
3333,fasti . cais • marχn<as> • au,,0,
3334,ftχna cais • etu ris .,,0,
3335,clan .,,0,
3336,la pet<r>ui - n,,0,
3350,la . tlapu • sauturin- -ial •,,0,
3351,velea • tlapus • sautur- -inial,,0,
3352,la tlapu se-- -,,0,
3353,se - cai . lacane la,,0,
3354,θana • petruni la veanes • puia,ocr-fixed,0,
3355,petvi • unial,,0,
3357,arnθ • uhtave • velχei,ocr?,0,
3358,<uht>av[e •] <v>elχ<e>[ ini] larθii<a> [• v] ip la c[asp- -res],ocr-fixed,0,
3359,uhtave velχeini larθiia vipis casp- -res,ocr-fixed,1,0.93
3360,aula • cusperiena,,0,
3361,cavla,,1,
3362,velχrei • caspres,,0,
3363,lari vusis,ocr?,0,
3364,vel vuis i auf- -les,,0,
3365,aule vu 1 s [ i ] s <l>a,,0,
3366,arnθ • vuis i . v • lau<tn> ete- -ri,ocr-fixed,1,
3367,larθi • vuisia . petrunis pacsinial,ocr?,1,1.00
3368,larθia • vetruni • cusis,ocr-fixed,0,
3369,θania . vusia,,0,
3370,au • ra<p>le • pe<r>prafial,ocr?,0,
3371,perprati raples,,0,
3376,aule - haprna,,0,
3377,sana • cunui,,0,
3378,sana . alfi • menznal,,0,
3379,[la]<rθ> cutus <s>eθr<e>g [la]<u>tn e<t>ers,,1,0.81
3381,larθ • cai • varna . ar • aulial,,0,
3385,au . caini . la • sentinatia<l>,,0,
3386,lar<θ> • caini • la • sent i nat ia,ocr-fixed,0,
3387,sent i nat i • cain is,,0,
3388,pusli • cain is,,0,
3389,lθ • campania,ocr-fixed,0,
3390,lartia . cain<e> • ane<s> • leθial •,ocr-fixed ocr?,1,1.00
3391,vel • aχuni • aules •,,0,
3392,vel • aχuni . ve • vercna,,0,
3393,<ve>l aχuni • ve<l> [•] trazlual,,1,1.00
3394,au i cacni > ar > aχ[ual -],,0,
3395,larθ<i> • <h>am3nei • cacnis • ca[cnal],ocr-fixed,0,
3396,cacnei • calisnas • ham4nal,ocr-fixed ocr?,0,
3397,lsi calisnei . perpra- -tez,ocr?,0,
3399,ls • cai • perpraθe • calisnal •,,1,1.00
3400,fas • atnei • perpran,,1,0.80
3402,-n- i velrnal,,0,
3403,laroi - cal---a zulus,ocr?,1,0.83
3404,au hanhina se alsrial,,0,
3405,au • sentinate - alesial,ocr?,0,
3406,fasti cisto--vi • ham4nial,ocr?,1,0.80
3407,hasti . cisuita • ale,,0,
3408,ar . titui • ar,,0,
3409,la • titui > la,,0,
3410,ve - titui • <l>θ - alfial,,0,
3411,θana • alfi . t itu is . puia •,,1,0.83
3412,/• e-na • <a>lf<i> - <ti>tuis [•] <p>etvial • sec /,,0,
3413,ar • titui • la • fal- -asial,,0,
3414,lati . an i,,0,
3415,tite > atrane > etri,,0,
3416,vet ie,,1,
3417,arnθ - scefi,,0,
3418,aule • scevi- -s • arnθia- -l • etera .,ocr?,0,
3419,<v>[el] • sc<ef>tl] • <v>[e]<l>,,0,
3420,<χχ>v<-e-----oooo-osc<-χ>oo,ocr?,0,
3421,vl • veli . seinial,,0,
3422,larθi • seina,,0,
3423,la<rt>ia veli,,0,
3424,au • veli • <u>na<r>is • la • nunial,,0,
3425,laroi • pumpuni cai . el • s -,ocr?,0,
3426,la • pu • atrane<s> •,,0,
3427,sertur e- -tru caini<s>,,1,0.88
3428,larza etru,,0,
3429,etera la tites,,0,
3430,fast eteras,,0,
3431,[e]<t>ru - θui [l]arus aθnu [lar]ezal pe---- <a>neinia,,1,0.78
3432,tezan teta t-,,1,0.40
3476,se • ruf i . ar caial,,1,0.33
3477,θa • caia- -leθia,ocr-fixed,0,
3478,lar . raf i - laθia<l>,,0,
3479,ls • raf i • se • cincual •,,0,
3480,lθ . cincuni [a] - -<l>a • <rafl-->,,0,
3481,vl • raf i . vl • marcial,,0,
3482,la • raufi • vl • marcial •,,0,
3483,sana . marc i • raf is,,0,
3484,au . rfi . suef -rinial,ocr-fixed,1,1.00
3485,lar • raf i • sufrina,ocr?,1,0.71
3486,sana • sutrinei • raufis,ocr?,1,0.82
3487,au • raf i • arθ . tit ia,,0,
3488,ar . raf i . arθ . t i teal,,1,0.88
3489,fasti • titia . rafis,,0,
3490,titia . raf is,,1,
3491,vel . rau<f>is . l • t--l,,1,0.14
3492,sana • raf i s<e>ntin<a>t<e>s •,,1,
3493,fast i a i raf i i ls - seχ i cacnis,,1,0.67
3495,θa • husetnei • raf is,,1,0.33
3496,sana . vi . raufis,ocr?,0,
3497,fa • v<i>pia • rafis,ocr?,0,
3499,tana . atinia • rafi - -s,,0,
3500,aule • raf i cutunial /,,1,1.00
3502,ls • raf i . marcial .,,0,
3503,<ar> . <r>a<fi> • ar • vipial,,0,
3504,au • rafi . ar • titial,ocr-fixed,0,
3505,<larθ>i • cei<si>ne<i>,ocr?,0,
3507,vl • feθiu • au . <vei>aθia<l>,,0,
3508,ar • surna . au .,,0,
3509,la . surna . ar . alfial,,1,1.00
3510,sana . alfi . caprasial,,0,
3511,au . surnooolojr,ocr?,0,
3512,la • surna . ar . velθurial •,,0,
3513,fasti . velqjri . susnas,,1,0.62
3514,{c • sulpicis . c • f • velthuriae,,0,
3741,setumi vlθ cestnas [p]ui[a],,1,0.36
3750,tlapu 1 lautni . capznas . /tarχisla .,,1,1.00
3751,{thania • harnustia . u • f>,,1,0.93
3754,arno larθ velimnag arzneal husiur suθi acil hece,ocr?,1,0.87
3755,seθjm -<---- iui seθu caipure vri-----,,1,0.44
3756,- [---] [---] -see[umi a]veig,,1,
3757,θefri 1 velimnas tarχis . clan .,,0,
3758,aule velimnas θefrisa /nufrznal clan,,1,1.00
3759,lars velimnas aules,,1,0.94
3760,vel velimnag /vel vel[imna]<s> aules,,1,1.00
3761,arne velimnas aulefi,,0,
3762,veilia velimnei arnθial,ocr-fixed,1,1.00
3763,pup • velimna au cahatial /,,0,
3765,caia larznal > tetalfi -,,0,
3766,vel - plaute 1 velus . caiai . larnal t clan.,,1,0.54
3767,lars - galvi . vitlial,,1,1.00
3768,fasti . vitli . salviss . hesual - sec .,,1,0.70
3769,ar - vip i . alfa .,,0,
3770,ar . vipi . alfa 1,,0,
3771,vel . vipi - alfa,,0,
3772,vel • vipi . alfa 1 papa >,,0,
3773,vipia - apein- -a<l>,,0,
3774,larθ • <v><--- [---] [---] /larθ vetes ziχu,,0,
3775,la • cesi,,0,
3776,peonei • ceisis,ocr?,0,
3777,ar • ceisi • pefnal,ocr?,1,1.00
3778,arnθ i ceisi - arnθial,ocr-fixed,1,1.00
3779,larθi • lutni • ceisi- •,,1,0.79
3780,suei - ete<ra> velus - aneis [i se]<n>tinates,ocr?,1,1.00
3782,vel • tatni [.] ve<lu>s,,0,
3783,seθre • vipis • la • helvinatia- -l,,0,
3784,lar vipi upelsi petrn4l,ocr-fixed,1,1.00
3785,a<u>< <χ><><>---o<> >[u]pelsi • petrnial,ocr?,1,1.00
3786,la • vi • upelsi • au . trazlunial,,0,
3787,vei<li>a • trazlui • upelsis •,,1,0.82
3788,laroi vetlnei • trazius,ocr?,1,0.93
3789,veilia . maslne<i> - p<u> i a i laθial i v i p 1 <s> i upelsis,,0,
3790,laroi t caia . masln- - is,ocr?,0,
3791,arθ pupus snutes puia vela- -r i e,,1,
3792,arnθ pupus s nut eg <a>rn- -θial,ocr-fixed,1,0.95
3793,au<le> pu<h>pus snutes arn- -teial,,1,0.92
3794,veilia i snvti [---] [---] <v>epia,,0,
3795,snuti huzetnas,,0,
3796,pumpu snute etera,,1,1.00
3797,saplatia pumpus snute,,1,0.71
3798,laθi • <p>etruni snute,,1,
3799,la pleura,,0,
3800,θan<a> • vuisi • seθres,,0,
3801,la pleura - vuisi - -al -,,0,
3802,la • apurθe • aunial,,0,
4117,apas,,0,
4118,larθia - afli - arzn---anr ----<-> seχ,,1,0.83
4119,θermi siate,,0,
4120,sana • a-χuni - la • -tites . s[urtes],,0,
4121,ls . veti . ls • ti[t]ial,,0,
4122,au • cai . veti . lari -,,0,
4123,au . cai . veti • le<p>recnal,,0,
4124,se • cai • veti . au,,0,
4125,la . cai • veti,,0,
4126,<vl> .veti . la,,1,0.88
4127,uel • cai • veti • metenal,,1,0.83
4128,ve i cai i veti > vescnal,,1,0.54
4129,larθi velcznei,,0,
4130,larθia - velczne,,0,
4131,lθ • velcznei . mesial,,1,0.87
4132,ar i velcznei - petrnal,,0,
4133,sana . varnei • veleznas . leθial - seχ,,1,0.93
4134,ea . paniaθi - velχznas spurinia<l>,,1,0.73
4135,se i velθurna . aules,,0,
4136,vel - velθurna . vel • cra- -m<n>al,,0,
4137,la i velθurnas > vipial,,0,
4138,sana . velθurnas • pum<p>- -unia<l>,,0,
4139,larθ velθurna la serturial cla<n>,,1,1.00
4141,se i velθurna - setre,,0,
4142,atrania . velθurna,,0,
4143,s<e> • venete • la • leθial • clan •,,1,0.80
4144,la • venete • la . leθial etera,,1,1.00
4145,ar t venete ar i etera,,0,
4146,ar - venete - aθnu,,0,
4147,la • venete • vatinia,,0,
4148,larθ > ham4na - aules • venetial - clan,,1,0.67
4149,la • venete . sanis,,0,
4150,veneti • naria,,0,
4151,venete • azlsna----,,1,1.00
4152,ar . rafi • la • apunial •,,0,
4153,apuni i rafis - trisnal - sec,,0,
4154,θn . rafi • uhtaves . casp<r>[ial •] s<e>c,,0,
4155,caspri raf is,,0,
4156,ar • rafi • venonal,ocr?,0,
4157,ar - rafi • au • viplial,,0,
4158,ar • rafi • ar • latiθial,,0,
4159,<r>a<uf>i - sauturines • latiθial,,0,
4160,latiθi • rafis,ocr?,0,
4161,<l>s -rafi • ar • leθial •,,0,
4162,larθi • leθi • raf is • sential •,,0,
4163,au t rafia t ar . <p>e<r>cumsn<al>,,0,
4164,arra • percumsnal,,1,0.91
4165,θana .rafi • clantis . percumsnal • seχ •,,0,
4166,percumsnei . raf is,,0,
4167,raufi clant- -ial,,1,
4168,au . rezu • aθ,,0,
4169,la i rezu,,0,
4170,la • rezu . aul,,0,
4171,larθi • rezu i . ar,,0,
4172,ar • resu . alfial,,0,
4173,retui . arznis • vinal . seχ,,0,
4174,la < rezu - titial,,0,
4175,[tit] ia . rezus,ocr?,0,
4176,larθi • se • vesi • r<e>zus •,,1,0.83
4178,θa • caspri . trisn,,1,1.00
4179,lar--- [---] casprial,,0,
4180,vel • mlevi • mehnatial .,,0,
4181,θania lucania la,,0,
4182,larθia . salvis - lautn,,0,
4185,larθi • vetnei • anis,,0,
4190,ar mesi,,0,
4193,vtaziei • arcutu,,0,
4194,-χχ-larelalisa tres--oosec,ocr?,0,
4195,θana leunei cuesnas,,1,0.76
4196,aulesi • metelis . ve • vesial . clensi cen • fleres • tece . sansl . tenine tuθines • χisvlics,ocr?,0,
4198,puia • aclnis • nufrznas • parm- -nial • seχ,ocr-fixed,0,
4199,l . aχuni . artinial,ocr?,0,
4200,vl i aχuniar- -tinial,ocr-fixed,1,1.00
4201,lθ - avei - lautn > eteri - ein > senis er > es,,0,
4202,--aveis- - --,,0,
4203,la • ave is • ve • casuntinial,,1,1.00
4204,cantini aveinas,,0,
4205,velia avtles,ocr-fixed,0,
4206,velia . aules,,0,
4207,au - ahsi ve • cafatial,,1,1.00
4208,fasti t ah<i>a - cafate,ocr?,0,
4209,amθni . capznas • velcznal • sec,ocr-fixed,1,1.00
4210,fania • amfnia - <s>ertur,ocr?,0,
4211,fa • serturi • amθnes • mur- -unial • sec,ocr?,0,
4212,a<r>[n]z[a • a]mrθi • laut[ [<n i>] ],,0,
4213,se • <an>cari . ar . casprial,,1,0.83
4214,aχrati - cafates - casprial • seχ,,0,
4215,θana > ancari i vetis,,0,
4217,sana ancria,,0,
4218,arnθia • anei cacnis,,1,0.86
4219,vel anei . sentinates •,,0,
4220,<s>e • anei . sentinates,,0,
4221,fasti t aneinei t vescus [i c]veθnal,,0,
4222,fasti - aneinei • cveθnal •,,0,
4223,cueθnei aneis - curunal,,0,
4224,fasti . aneinei . velcznas • titial • sec,,1,0.83
4225,aneinei t velθu- -[r]nas . sl<a>,,0,
4226,fast anei - -nia,,0,
4227,lθ • an is - surtes -,,0,
4228,titi anis,,0,
4229,θana . ani • carnas,,0,
4230,ani - luesnas,,0,
4232,vl > apice i razis - velus • caθ-nias,,1,0.73
4233,apluni-------- l>a<utni>,,0,
4234,θana . ap<lu>- -na i,,0,
4235,arlen<e>a - salvis,,0,
4236,fa i armunia - vel,,0,
4237,arnti - capznas,,0,
4238,arnti - carnas - lautn i,,0,
4239,ve • astesine - ca,,0,
4624,lautn i eter-,,0,
4625,[θ]ui la • a<t> i n e i,ocr-fixed,0,
4626,θanas . atinal,,0,
4627,l arnti secu,,1,1.00
4839,lar amni,,1,1.00
4841,vel • sep- -ie,,0,
4842,vel i a - sc- -etania 10,,1,1.00
4844,la. nune,,0,
4845,θan • pui<a>,ocr-fixed,0,
4847,lar is . cae . lar i sal > saθnal -,,0,
4848,petrui . ls . caes . satnal,,1,0.92
4849,hasti - cainei . cres[p- -i]<a>,,0,
4850,aθ - varna . helusnal -,,1,0.79
4851,θania . varnei < helusnal > sec i umranasa,ocr-fixed,1,
4852,sana • meinei . varnal /presntesa,,1,1.00
4853,arθ - larce - carnal •,,0,
4854,larθi - carnei - aθl > larces > puial •,ocr-fixed,1,1.00
4855,vel larce • velu<a> 1><>,,0,
4856,θania - patislani - velual > seχ,ocr-fixed,1,0.89
4857,aθ - larce i vetual,,0,
4858,θania . vetui • lace/,,0,
4859,larθi • vet la,ocr-fixed,0,
4860,aule tretra,,1,1.00
4861,aule . tretna,,0,
4862,θania . larci i naχrnal •,,1,1.00
4863,ar - larce - pulfnal,,0,
4864,larθia - larc - fravn i sa .,ocr-fixed,1,0.86
4865,vl . larc<e> - a [---] ->al .,,0,
4866,fast i a . fu- -nei - fulna- -lisa,,1,
4867,lθ - seiante • hanusa - heli - -al > clan,,0,
4868,velia . seianti hanunia i titial,,0,
4869,veli • scianti > hanunia - titia,,0,
4870,velia < titia lau<t>[niθ]a,,1,1.00
4871,tita . ustius,,0,
4872,vl • ane - laru[-],,0,
4873,celmnei . lauciniesa,,0,
4874,larziu > segrnas - lautni -,,0,
4876,vl > ane > veizial > vl - aprinθu,,0,
4877,laris • aule cainei,,0,
4878,vercnei vl > au,,1,1.00
4879,sana - percnei >,,0,
4880,vl - <t>ite caθa . vpinal,,0,
4881,θu - tite arnθi - au tit au,,0,
4882,θania . titi . latinial • sec . hanuslisa,ocr-fixed,1,0.88
4883,θa cicui rumaθes,,1,1.00
4884,θana . cenc<u>i -,ocr-fixed,0,
4885,tana letaria aules rumates,,1,1.00
4886,v larce vel<u>g,,1,1.00
4887,sana > ptrui,,0,
4888,θa sep- -rsnei,,1,1.00
4889,•--a--a-purnal >,,1,1.00
4890,vemei > lam isa,,0,
4891,vl - titania i vinei,,0,
4892,vel - aprte,,0,
4893,ae - apurte . <a>,,0,
4894,arnza i ap- -rte i la,,0,
4895,[e]ana . svestnei . apurte[s],,0,
4896,[f]<a>sti . <t>itia . aθnusa,ocr-fixed,0,
4897,l • anainei,,0,
4898,larθ • 1/ ain<a>/,,0,
4899,larθi • a[na] inia,ocr-fixed,0,
4900,<a>rn<z>ile • afunas • lautni,,0,
4901,a t vetuni - aθununal,,1,1.00
4902,θania i hustanei - saliesa,,1,0.91
4904,la[r]e - marcna .,,0,
4905,aule - petruni • aθ > cu<t>nalisa,,0,
4906,larθi - lautni<t>a petrnas,ocr-fixed,1,1.00
4907,[l]arθi • purnei - rapalnisa,,0,
4908,lθ - tetina > latinial >,,0,
4909,θania < herini > tetinasa i,,0,
4910,vipinal,,0,
4914,pupline,,0,
4915,aupulsutina . au • calisnal,ocr?,1,0.89
4916,a<rnθ> •,,0,
4918,tite - ecnate t turns,,0,
4919,tinia,,0,
4920,tinia . ti[nscvil],,0,
4922,ml larθurus tarχvetenas,ocr-fixed,1,0.96
4923,ml mamarces velθi enas,,0,
4925,ml [m]amarce[s] <r>a[n]a<t> l<e>l[as],,1,0.65
4950,spur ie ritumenas,,0,
8029,anae -au<v>c-es,,0,
8031,<v>ltvi -,,0,
8073,<fure> uefiu .,ocr?,0,
8176,/uelzu /eś - fe,ocr-fixed,1,0.44
8177,calin/ rezo,ocr?,1,1.00
8181,ulties /,ocr?,0,
8206,uel <•> u<is>ni • olna,ocr?,0,
8211,tuconu,ocr?,0,
8212,uol<u>--,ocr?,0,
8263,a<f> • c/,ocr?,0,
8339,{caui . tertinei,,0,
8341,/ ageoc-- /{<->ouei • iunonei . mineruai falesce • quei . in . sardinia . sunt donum • oeoerunt <•> magistreis,ocr?,1,1.00
8361,<ce hol>co<s>io <l>o<u t>l<t>oi,ocr?,1,0.46
8377,<t> • ne,,0,
8379,larθ velarnies,ocr-fixed,0,
8380,la<r>θ vela<r>nies,ocr-fixed,0,
8382,larisa zuχus,ocr-fixed,0,
8383,a /a /all /an /e /v /nl /p,,1,0.33
8384,morene<z>,ocr?,1,0.86
8388,ueltur • tetena aruto,ocr?,1,
8389,larθ <-> ceises <c>elusa,,1,1.00
8390,larθ ur<χ>osna<s>,ocr?,1,0.78
8392,aruz > cesve > aruto,ocr?,0,
8399,c<e>si<f> - fere,,0,
8402,ueltur orteces<e>,ocr?,1,0.86
8411,</>-alikeap<u>min<l>kara,,0,
8413,/ - mlaχta i ana i zinace /inpein i mlerusi - ateri i mlaχuta - ziχuχe/ mialiqu i a<u>viles ial<es -> puraθe<vn>alθia - /,ocr-fixed ocr?,0,
8415,miquntunlem<au>snasranazuzinace /erunaletaserue<p>nina<r>talet<a>m<vi>upesitata/ /tuθ<a>cet<u><< > >--- < - [---] <a>ein<e>,ocr?,0,
8416,misaza,,1,1.00
8417,h<e>r,,0,
8418,<h>er,,0,
8419,laziveianes,,1,1.00
8420,laziveianes,,0,
8421,laziveianes,,0,
8422,laziveianes,,0,
