word_folded,forms,freq_clean,sources,n_sources,n_artifact_clusters,already_present_in_etp_pos,pred_case,score_margin_nonprobabilistic,validation_precision_matched,validation_precision_95ci_low,validation_precision_95ci_high,validation_predicted_n_matched,tir_suffix_train_support_total,tir_suffix_train_support_pred_class,tir_suffix_train_class_counts,shared_raetic_suffix_feature
ale,ale,4,CIEW CIEW-CIE ETP SUPP:pyrgi_wikipedia.csv,4,4,False,PERT,2.811008,0.500000,0.187616,0.812384,6,15,14,NOM:1;PERT:14,2:le
nele,nele,2,CIEP ETP,2,2,False,PERT,2.811008,0.500000,0.187616,0.812384,6,15,14,NOM:1;PERT:14,2:le
ferkle,fercle ferkle,7,CIEP,1,7,False,PERT,2.811008,0.500000,0.187616,0.812384,6,15,14,NOM:1;PERT:14,2:le
menle,menle,5,CIEP,1,5,False,PERT,2.811008,0.500000,0.187616,0.812384,6,15,14,NOM:1;PERT:14,2:le
tule,tule,5,CIEW,1,1,False,PERT,2.811008,0.500000,0.187616,0.812384,6,15,14,NOM:1;PERT:14,2:le
akhele,achele,2,CIEP,1,2,False,PERT,2.811008,0.500000,0.187616,0.812384,6,15,14,NOM:1;PERT:14,2:le
esle,esle,2,CIEP,1,2,False,PERT,2.811008,0.500000,0.187616,0.812384,6,15,14,NOM:1;PERT:14,2:le
ferekele,ferecele,2,CIEP,1,2,False,PERT,2.811008,0.500000,0.187616,0.812384,6,15,14,NOM:1;PERT:14,2:le
mele,mele,2,CIEW,1,1,False,PERT,2.811008,0.500000,0.187616,0.812384,6,15,14,NOM:1;PERT:14,2:le
tuntle,tuntle,2,CIEP,1,2,False,PERT,2.811008,0.500000,0.187616,0.812384,6,15,14,NOM:1;PERT:14,2:le
tinsi,tinsi,11,CIEP CIEW,2,1,False,PERT,2.770086,0.500000,0.187616,0.812384,6,10,10,PERT:10,2:si
vuisi,vuisi,2,CIEW-CIE,1,2,False,PERT,2.770086,0.500000,0.187616,0.812384,6,10,10,PERT:10,2:si
spurestres,spurestres,9,CIEP CIEW,2,1,False,GEN,2.672332,0.938462,0.852178,0.975811,65,5,5,GEN:5,2:es
tites,tites,8,CIEP CIEW-CIE,2,8,False,GEN,2.672332,0.938462,0.852178,0.975811,65,5,5,GEN:5,2:es
saknikstres,sacnicstres,5,CIEP CIEW,2,1,False,GEN,2.672332,0.938462,0.852178,0.975811,65,5,5,GEN:5,2:es
laziveianes,laziveianes,4,CIEP CIEW-CIE,2,4,False,GEN,2.672332,0.938462,0.852178,0.975811,65,5,5,GEN:5,2:es
kailes,cailes kailes,3,CIEP ETP,2,3,False,GEN,2.672332,0.938462,0.852178,0.975811,65,5,5,GEN:5,2:es
veives,veives,3,CIEP CIEW,2,2,False,GEN,2.672332,0.938462,0.852178,0.975811,65,5,5,GEN:5,2:es
atranes,atranes,2,CIEP SUPP:pyrgi_wikipedia.csv,2,2,False,GEN,2.672332,0.938462,0.852178,0.975811,65,5,5,GEN:5,2:es
laes,laes,2,CIEP CIEW,2,1,False,GEN,2.672332,0.938462,0.852178,0.975811,65,5,5,GEN:5,2:es
sauturines,sauturines,2,CIEP CIEW-CIE,2,2,False,GEN,2.672332,0.938462,0.852178,0.975811,65,5,5,GEN:5,2:es
ariodantes,ariodantes,7,CIEP,1,5,False,GEN,2.672332,0.938462,0.852178,0.975811,65,5,5,GEN:5,2:es
sethres,sethres,3,CIEP,1,3,False,GEN,2.672332,0.938462,0.852178,0.975811,65,5,5,GEN:5,2:es
akiles,aciles,2,CIEP,1,2,False,GEN,2.672332,0.938462,0.852178,0.975811,65,5,5,GEN:5,2:es
arntles,arntles,2,CIEP,1,2,False,GEN,2.672332,0.938462,0.852178,0.975811,65,5,5,GEN:5,2:es
aviles,aviles,2,CIEP,1,2,False,GEN,2.672332,0.938462,0.852178,0.975811,65,5,5,GEN:5,2:es
kes,ceσ,2,ETP,1,1,True,GEN,2.672332,0.938462,0.852178,0.975811,65,5,5,GEN:5,2:es
sentinates,sentinates,2,CIEW-CIE,1,2,False,GEN,2.672332,0.938462,0.852178,0.975811,65,5,5,GEN:5,2:es
slaithes,slaithes,2,CIEP,1,2,False,GEN,2.672332,0.938462,0.852178,0.975811,65,5,5,GEN:5,2:es
statlanes,statlanes,2,CIEP,1,2,False,GEN,2.672332,0.938462,0.852178,0.975811,65,5,5,GEN:5,2:es
truχiles,truχiles,2,ETP,1,2,False,GEN,2.672332,0.938462,0.852178,0.975811,65,5,5,GEN:5,2:es
tuθines,tuθineσ,2,ETP,1,2,True,GEN,2.672332,0.938462,0.852178,0.975811,65,5,5,GEN:5,2:es
ves,vês ves,2,ETP,1,2,False,GEN,2.672332,0.938462,0.852178,0.975811,65,5,5,GEN:5,2:es
vetes,vetes,2,CIEW-CIE,1,2,False,GEN,2.672332,0.938462,0.852178,0.975811,65,5,5,GEN:5,2:es
male,male,3,CIEW,1,1,True,PERT,2.472200,0.500000,0.187616,0.812384,6,12,11,NOM:1;PERT:11,3:ale
apalus,apalus,2,CIEP ETP,2,2,False,GEN,2.220347,0.938462,0.852178,0.975811,65,3,3,GEN:3,2:us
esis,êsis esis,2,CIEW ETP,2,2,True,GEN,2.220347,0.938462,0.852178,0.975811,65,3,3,GEN:3,2:is
χis,χis,9,CIEW,1,1,False,GEN,2.220347,0.938462,0.852178,0.975811,65,3,3,GEN:3,2:is
aneis,aneis,2,CIEW-CIE,1,2,False,GEN,2.220347,0.938462,0.852178,0.975811,65,3,3,GEN:3,2:is
anis,anis,2,CIEW-CIE,1,2,False,GEN,2.220347,0.938462,0.852178,0.975811,65,3,3,GEN:3,2:is
apnis,apnis,2,CIEW,1,1,False,GEN,2.220347,0.938462,0.852178,0.975811,65,3,3,GEN:3,2:is
kealχus,cealχus,2,CIEW,1,1,False,GEN,2.220347,0.938462,0.852178,0.975811,65,3,3,GEN:3,2:us
kialχus,cialχus,2,CIEW,1,1,False,GEN,2.220347,0.938462,0.852178,0.975811,65,3,3,GEN:3,2:us
prekhus,prechus,2,CIEP,1,2,False,GEN,2.220347,0.938462,0.852178,0.975811,65,3,3,GEN:3,2:us
rafis,rafis,2,CIEW-CIE,1,2,False,GEN,2.220347,0.938462,0.852178,0.975811,65,3,3,GEN:3,2:is
ravnthus,ravnthus,2,CIEP,1,2,False,GEN,2.220347,0.938462,0.852178,0.975811,65,3,3,GEN:3,2:us
salvis,salvis,2,CIEW-CIE,1,2,False,GEN,2.220347,0.938462,0.852178,0.975811,65,3,3,GEN:3,2:is
sazleis,σazleiσ sazleis,2,ETP,1,1,True,GEN,2.220347,0.938462,0.852178,0.975811,65,3,3,GEN:3,2:is
seus,seus,2,CIEW,1,1,False,GEN,2.220347,0.938462,0.852178,0.975811,65,3,3,GEN:3,2:us
thenus,thenus,2,CIEP,1,2,False,GEN,2.220347,0.938462,0.852178,0.975811,65,3,3,GEN:3,2:us
ukhus,uchus,2,CIEP,1,2,False,GEN,2.220347,0.938462,0.852178,0.975811,65,3,3,GEN:3,2:us
staties,staties,3,CIEP,1,3,False,GEN,2.146581,0.938462,0.852178,0.975811,65,3,3,GEN:3,3:ies
kruties,cruties,2,CIEP,1,2,False,GEN,2.146581,0.938462,0.852178,0.975811,65,3,3,GEN:3,3:ies
remzna,remzna,9,CIEP CIEW-CIE,2,9,False,NOM,1.891289,1.000000,0.889745,1.000000,31,7,7,NOM:7,2:na
surna,surna,5,CIEP CIEW-CIE,2,5,False,NOM,1.891289,1.000000,0.889745,1.000000,31,7,7,NOM:7,2:na
tutna,tutna,4,CIEP CIEW-CIE,2,4,False,NOM,1.891289,1.000000,0.889745,1.000000,31,7,7,NOM:7,2:na
larkna,larcna,3,CIEP CIEW-CIE,2,3,False,NOM,1.891289,1.000000,0.889745,1.000000,31,7,7,NOM:7,2:na
pulfna,pulfna,3,CIEP CIEW-CIE,2,3,False,NOM,1.891289,1.000000,0.889745,1.000000,31,7,7,NOM:7,2:na
atana,atana,2,CIEP ETP,2,2,False,NOM,1.891289,1.000000,0.889745,1.000000,31,7,7,NOM:7,2:na
ezna,ezna,2,CIEP CIEW-CIE,2,2,False,NOM,1.891289,1.000000,0.889745,1.000000,31,7,7,NOM:7,2:na
velimna,velimna,2,CIEW-CIE ETP,2,2,False,NOM,1.891289,1.000000,0.889745,1.000000,31,7,7,NOM:7,2:na
sana,sana,17,CIEW-CIE,1,17,False,NOM,1.891289,1.000000,0.889745,1.000000,31,7,7,NOM:7,2:na
velθurna,velθurna,4,CIEW-CIE,1,4,False,NOM,1.891289,1.000000,0.889745,1.000000,31,7,7,NOM:7,2:na
hilarθuna,hilarθuna,3,CIEW,1,1,False,NOM,1.891289,1.000000,0.889745,1.000000,31,7,7,NOM:7,2:na
keikna,ceicna,3,CIEP,1,3,False,NOM,1.891289,1.000000,0.889745,1.000000,31,7,7,NOM:7,2:na
thumlana,thumlana,3,CIEP,1,2,False,NOM,1.891289,1.000000,0.889745,1.000000,31,7,7,NOM:7,2:na
alethna,alethna,2,CIEP,1,2,False,NOM,1.891289,1.000000,0.889745,1.000000,31,7,7,NOM:7,2:na
famfna,famfna,2,CIEP,1,2,False,NOM,1.891289,1.000000,0.889745,1.000000,31,7,7,NOM:7,2:na
kanzna,canzna,2,CIEP,1,2,False,NOM,1.891289,1.000000,0.889745,1.000000,31,7,7,NOM:7,2:na
karna,carna,2,CIEW-CIE,1,2,False,NOM,1.891289,1.000000,0.889745,1.000000,31,7,7,NOM:7,2:na
kvethna,cvethna,2,CIEP,1,2,False,NOM,1.891289,1.000000,0.889745,1.000000,31,7,7,NOM:7,2:na
muna,muna,2,CIEP,1,2,False,NOM,1.891289,1.000000,0.889745,1.000000,31,7,7,NOM:7,2:na
pethna,pethna,2,CIEP,1,2,False,NOM,1.891289,1.000000,0.889745,1.000000,31,7,7,NOM:7,2:na
seθrna,seθrna σeθrna,2,ETP,1,2,False,NOM,1.891289,1.000000,0.889745,1.000000,31,7,7,NOM:7,2:na
sna,sna,2,CIEW,1,1,False,NOM,1.891289,1.000000,0.889745,1.000000,31,7,7,NOM:7,2:na
umrana,umrana,2,CIEW-CIE,1,2,False,NOM,1.891289,1.000000,0.889745,1.000000,31,7,7,NOM:7,2:na
varna,varna,2,CIEW-CIE,1,2,False,NOM,1.891289,1.000000,0.889745,1.000000,31,7,7,NOM:7,2:na
velithana,velithana,2,CIEP,1,2,False,NOM,1.891289,1.000000,0.889745,1.000000,31,7,7,NOM:7,2:na
fanu,fanu,3,CIEP ETP,2,3,True,NOM,1.761907,1.000000,0.889745,1.000000,31,5,5,NOM:5,3:anu
zipanu,zipanu,2,CIEP,1,1,False,NOM,1.761907,1.000000,0.889745,1.000000,31,5,5,NOM:5,3:anu
atranesi,atranesi,2,CIEP,1,2,False,PERT,1.753006,0.500000,0.187616,0.812384,6,3,3,PERT:3,4:nesi
mlakasi,mlakasi,2,CIEP,1,2,False,PERT,1.745239,0.500000,0.187616,0.812384,6,3,3,PERT:3,3:asi
truile,truile,2,CIEP,1,2,False,PERT,1.745239,0.500000,0.187616,0.812384,6,3,3,PERT:3,3:ile
anie,anie,2,CIEP ETP,2,2,False,NOM,1.581134,1.000000,0.889745,1.000000,31,5,5,NOM:5,2:ie
eknatie,ecnatie,2,CIEP ETP,2,2,False,NOM,1.581134,1.000000,0.889745,1.000000,31,5,5,NOM:5,2:ie
lapie,lapie,2,CIEP,1,2,False,NOM,1.581134,1.000000,0.889745,1.000000,31,5,5,NOM:5,2:ie
tetina,tetina,12,CIEP CIEW-CIE,2,10,False,NOM,1.561236,1.000000,0.889745,1.000000,31,4,4,NOM:4,3:ina
vipina,vipina,2,CIEP ETP,2,2,False,NOM,1.561236,1.000000,0.889745,1.000000,31,4,4,NOM:4,3:ina
suthina,suthina,9,CIEP,1,8,False,NOM,1.561236,1.000000,0.889745,1.000000,31,4,4,NOM:4,3:ina
rusina,rusina,3,CIEP,1,3,False,NOM,1.561236,1.000000,0.889745,1.000000,31,4,4,NOM:4,3:ina
fupnina,fupnina,2,CIEP,1,2,False,NOM,1.561236,1.000000,0.889745,1.000000,31,4,4,NOM:4,3:ina
methina,methina,2,CIEP,1,2,False,NOM,1.561236,1.000000,0.889745,1.000000,31,4,4,NOM:4,3:ina
paithina,paithina,2,CIEP,1,2,False,NOM,1.561236,1.000000,0.889745,1.000000,31,4,4,NOM:4,3:ina
thina,thina,2,CIEP,1,2,False,NOM,1.561236,1.000000,0.889745,1.000000,31,4,4,NOM:4,3:ina
apas,apas,5,CIEP CIEW-CIE,2,5,False,GEN,1.373049,0.938462,0.852178,0.975811,65,1,1,GEN:1,2:as
kapznas,capznas,4,CIEP CIEW-CIE,2,4,False,GEN,1.373049,0.938462,0.852178,0.975811,65,1,1,GEN:1,2:as
larknasa,larcnasa,3,CIEP CIEW-CIE,2,3,False,GEN,1.373049,0.938462,0.852178,0.975811,65,1,1,GEN:1,2:sa
luesnas,luesnas,3,CIEP CIEW-CIE,2,3,False,GEN,1.373049,0.938462,0.852178,0.975811,65,1,1,GEN:1,2:as
perknas,perknas percnas,3,CIEP ETP,2,3,False,GEN,1.373049,0.938462,0.852178,0.975811,65,1,1,GEN:1,2:as
tetinas,tetinas,3,CIEP CIEW-CIE,2,3,False,GEN,1.373049,0.938462,0.852178,0.975811,65,1,1,GEN:1,2:as
tetinasa,tetinasa,3,CIEP CIEW-CIE,2,2,False,GEN,1.373049,0.938462,0.852178,0.975811,65,1,1,GEN:1,2:sa
velimnas,velimnas,3,CIEP CIEW-CIE,2,3,False,GEN,1.373049,0.938462,0.852178,0.975811,65,1,1,GEN:1,2:as
viliasa,viliasa,3,CIEP CIEW-CIE,2,3,False,GEN,1.373049,0.938462,0.852178,0.975811,65,1,1,GEN:1,2:sa
zivas,zivas zivaσ,3,CIEP ETP,2,3,True,GEN,1.373049,0.938462,0.852178,0.975811,65,1,1,GEN:1,2:as
afunas,afunas,2,CIEP CIEW-CIE,2,2,False,GEN,1.373049,0.938462,0.852178,0.975811,65,1,1,GEN:1,2:as
alsinas,alσinas alsinas,2,CIEP ETP,2,2,False,GEN,1.373049,0.938462,0.852178,0.975811,65,1,1,GEN:1,2:as
kleva,cleva,2,CIEW SUPP:pyrgi_wikipedia.csv,2,2,False,GEN,1.373049,0.938462,0.852178,0.975811,65,1,1,GEN:1,2:va
kluvenias,cluvenias,2,CIEP SUPP:pyrgi_wikipedia.csv,2,2,False,GEN,1.373049,0.938462,0.852178,0.975811,65,1,1,GEN:1,2:as
nalisa,naliśa nalisa,2,CIEP ETP,2,2,False,GEN,1.373049,0.938462,0.852178,0.975811,65,1,1,GEN:1,2:sa
nasa,naśa nasa,2,CIEP ETP,2,2,False,GEN,1.373049,0.938462,0.852178,0.975811,65,1,1,GEN:1,2:sa
papanias,papanias,2,CIEP CIEW-CIE,2,2,False,GEN,1.373049,0.938462,0.852178,0.975811,65,1,1,GEN:1,2:as
unias,unias,2,CIEP SUPP:pyrgi_wikipedia.csv,2,2,False,GEN,1.373049,0.938462,0.852178,0.975811,65,1,1,GEN:1,2:as
faspnas,faspnas,7,CIEP,1,7,False,GEN,1.373049,0.938462,0.852178,0.975811,65,1,1,GEN:1,2:as
menrva,menrva,7,CIEP,1,7,False,GEN,1.373049,0.938462,0.852178,0.975811,65,1,1,GEN:1,2:va
thanas,thanas,6,CIEP,1,6,False,GEN,1.373049,0.938462,0.852178,0.975811,65,1,1,GEN:1,2:as
kumeresa,cumeresa,5,CIEP,1,5,False,GEN,1.373049,0.938462,0.852178,0.975811,65,1,1,GEN:1,2:sa
larthialisa,larthialisa,5,CIEP,1,5,False,GEN,1.373049,0.938462,0.852178,0.975811,65,1,1,GEN:1,2:sa
papasa,papasa,5,CIEP,1,5,False,GEN,1.373049,0.938462,0.852178,0.975811,65,1,1,GEN:1,2:sa
ramthas,ramthas,5,CIEP,1,5,False,GEN,1.373049,0.938462,0.852178,0.975811,65,1,1,GEN:1,2:as
aninas,aninas,4,CIEP,1,4,False,GEN,1.373049,0.938462,0.852178,0.975811,65,1,1,GEN:1,2:as
kupsnasa,cupsnasa,4,CIEP,1,4,False,GEN,1.373049,0.938462,0.852178,0.975811,65,1,1,GEN:1,2:sa
spurinas,spurinas,4,CIEP,1,4,False,GEN,1.373049,0.938462,0.852178,0.975811,65,1,1,GEN:1,2:as
tarkhnas,tarchnas,4,CIEP,1,4,False,GEN,1.373049,0.938462,0.852178,0.975811,65,1,1,GEN:1,2:as
aknanasa,acnanasa,3,ETP,1,1,True,GEN,1.373049,0.938462,0.852178,0.975811,65,1,1,GEN:1,2:sa
alethnas,alethnas,3,CIEP,1,3,False,GEN,1.373049,0.938462,0.852178,0.975811,65,1,1,GEN:1,2:as
arnthialisa,arnthialisa,3,CIEP,1,3,False,GEN,1.373049,0.938462,0.852178,0.975811,65,1,1,GEN:1,2:sa
evas,evas,3,CIEP,1,3,False,GEN,1.373049,0.938462,0.852178,0.975811,65,1,1,GEN:1,2:as
felesa,felesa,3,CIEP,1,3,False,GEN,1.373049,0.938462,0.852178,0.975811,65,1,1,GEN:1,2:sa
larthias,larthias,3,CIEP,1,3,False,GEN,1.373049,0.938462,0.852178,0.975811,65,1,1,GEN:1,2:as
leknesa,lecnesa,3,CIEP,1,3,False,GEN,1.373049,0.938462,0.852178,0.975811,65,1,1,GEN:1,2:sa
lisa,lisa,3,CIEP,1,3,False,GEN,1.373049,0.938462,0.852178,0.975811,65,1,1,GEN:1,2:sa
menarva,menarva,3,CIEP,1,3,False,GEN,1.373049,0.938462,0.852178,0.975811,65,1,1,GEN:1,2:va
pruslnas,pruslnas,3,CIEP,1,3,False,GEN,1.373049,0.938462,0.852178,0.975811,65,1,1,GEN:1,2:as
pulfnasa,pulfnasa,3,CIEP,1,3,False,GEN,1.373049,0.938462,0.852178,0.975811,65,1,1,GEN:1,2:sa
urinatesa,urinatesa,3,CIEP,1,3,False,GEN,1.373049,0.938462,0.852178,0.975811,65,1,1,GEN:1,2:sa
velthinas,velthinas,3,CIEP,1,1,False,GEN,1.373049,0.938462,0.852178,0.975811,65,1,1,GEN:1,2:as
aknanas,acnanas,2,ETP,1,2,True,GEN,1.373049,0.938462,0.852178,0.975811,65,1,1,GEN:1,2:as
alisa,alisa,2,CIEP,1,2,False,GEN,1.373049,0.938462,0.852178,0.975811,65,1,1,GEN:1,2:sa
anesa,anesa,2,CIEP,1,2,False,GEN,1.373049,0.938462,0.852178,0.975811,65,1,1,GEN:1,2:sa
aniesa,aniesa,2,CIEP,1,2,False,GEN,1.373049,0.938462,0.852178,0.975811,65,1,1,GEN:1,2:sa
arinas,arinas,2,CIEP,1,2,False,GEN,1.373049,0.938462,0.852178,0.975811,65,1,1,GEN:1,2:as
kaiknas,caicnas kaiknas,2,CIEP,1,2,False,GEN,1.373049,0.938462,0.852178,0.975811,65,1,1,GEN:1,2:as
karnas,carnas,2,CIEW-CIE,1,2,False,GEN,1.373049,0.938462,0.852178,0.975811,65,1,1,GEN:1,2:as
karnasa,carnasa,2,CIEP,1,2,False,GEN,1.373049,0.938462,0.852178,0.975811,65,1,1,GEN:1,2:sa
kavathas,cavathas,2,CIEP,1,2,False,GEN,1.373049,0.938462,0.852178,0.975811,65,1,1,GEN:1,2:as
kutnas,cutnas,2,CIEP,1,2,False,GEN,1.373049,0.938462,0.852178,0.975811,65,1,1,GEN:1,2:as
lanialisa,lanialisa,2,CIEP,1,1,False,GEN,1.373049,0.938462,0.852178,0.975811,65,1,1,GEN:1,2:sa
larzas,larzas,2,ETP,1,2,False,GEN,1.373049,0.938462,0.852178,0.975811,65,1,1,GEN:1,2:as
marknas,marcnas,2,CIEP,1,2,False,GEN,1.373049,0.938462,0.852178,0.975811,65,1,1,GEN:1,2:as
murinasa,murinasa,2,CIEP,1,2,False,GEN,1.373049,0.938462,0.852178,0.975811,65,1,1,GEN:1,2:sa
plikasnas,plikasnas,2,CIEP,1,1,False,GEN,1.373049,0.938462,0.852178,0.975811,65,1,1,GEN:1,2:as
ramathas,ramathas,2,CIEP,1,2,False,GEN,1.373049,0.938462,0.852178,0.975811,65,1,1,GEN:1,2:as
resnasa,resnasa,2,CIEP,1,2,False,GEN,1.373049,0.938462,0.852178,0.975811,65,1,1,GEN:1,2:sa
selva,selva,2,CIEW,1,1,False,GEN,1.373049,0.938462,0.852178,0.975811,65,1,1,GEN:1,2:va
sepiesa,sepiesa,2,CIEP,1,2,False,GEN,1.373049,0.938462,0.852178,0.975811,65,1,1,GEN:1,2:sa
sethresa,sethresa,2,CIEP,1,2,False,GEN,1.373049,0.938462,0.852178,0.975811,65,1,1,GEN:1,2:sa
tetasa,tetasa,2,CIEP,1,2,False,GEN,1.373049,0.938462,0.852178,0.975811,65,1,1,GEN:1,2:sa
thas,thas,2,CIEP,1,2,False,GEN,1.373049,0.938462,0.852178,0.975811,65,1,1,GEN:1,2:as
uinias,uinias,2,CIEP,1,2,False,GEN,1.373049,0.938462,0.852178,0.975811,65,1,1,GEN:1,2:as
veliesa,veliesa,2,CIEP,1,2,False,GEN,1.373049,0.938462,0.852178,0.975811,65,1,1,GEN:1,2:sa
velθurnas,velθurnas,2,CIEW-CIE,1,2,False,GEN,1.373049,0.938462,0.852178,0.975811,65,1,1,GEN:1,2:as
aiseras,aiseras,3,CIEP CIEW,2,2,False,GEN,1.299283,0.938462,0.852178,0.975811,65,1,1,GEN:1,3:ras
atakus,atakus,3,CIEP ETP,2,3,False,GEN,1.299283,0.938462,0.852178,0.975811,65,1,1,GEN:1,3:kus
velfras,velfras,2,CIEP ETP,2,2,False,GEN,1.299283,0.938462,0.852178,0.975811,65,1,1,GEN:1,3:ras
vetis,vetis,2,CIEP CIEW-CIE,2,2,False,GEN,1.299283,0.938462,0.852178,0.975811,65,1,1,GEN:1,3:tis
felkes,felces,2,CIEP,1,2,False,GEN,1.299283,0.938462,0.852178,0.975811,65,1,1,GEN:1,3:kes
kikusa,cicusa,2,CIEP,1,2,False,GEN,1.299283,0.938462,0.852178,0.975811,65,1,1,GEN:1,3:usa
sethras,sethras,2,CIEP,1,2,False,GEN,1.299283,0.938462,0.852178,0.975811,65,1,1,GEN:1,3:ras
sparzestis,śparzêσtiσ σparzêstis,2,ETP,1,1,True,GEN,1.299283,0.938462,0.852178,0.975811,65,1,1,GEN:1,3:tis
suris,σuris,2,ETP,1,2,False,GEN,1.299283,0.938462,0.852178,0.975811,65,1,1,GEN:1,3:ris
velthurusa,velthurusa,2,CIEP,1,2,False,GEN,1.299283,0.938462,0.852178,0.975811,65,1,1,GEN:1,3:usa
veskusa,vescusa,2,CIEW-CIE,1,2,False,GEN,1.299283,0.938462,0.852178,0.975811,65,1,1,GEN:1,3:usa
zeris,zeriσ,2,ETP,1,1,True,GEN,1.299283,0.938462,0.852178,0.975811,65,1,1,GEN:1,3:ris
avalnies,avalnies,2,CIEP ETP,2,2,False,GEN,1.291516,0.938462,0.852178,0.975811,65,1,1,GEN:1,4:nies
velarnies,velarnies,2,CIEW-CIE ETP,2,2,False,GEN,1.291516,0.938462,0.852178,0.975811,65,1,1,GEN:1,4:nies
velthurus,velthurus,8,CIEP,1,8,False,GEN,1.291516,0.938462,0.852178,0.975811,65,1,1,GEN:1,4:urus
apries,apries,3,CIEP,1,3,False,GEN,1.291516,0.938462,0.852178,0.975811,65,1,1,GEN:1,4:ries
hanusa,hanusa,2,CIEW-CIE,1,2,False,GEN,1.291516,0.938462,0.852178,0.975811,65,1,1,GEN:1,4:nusa
muras,muras,2,CIEP,1,2,False,GEN,1.291516,0.938462,0.852178,0.975811,65,1,1,GEN:1,4:uras
serturus,serturus,2,CIEP,1,2,False,GEN,1.291516,0.938462,0.852178,0.975811,65,1,1,GEN:1,4:urus
tarkhunies,tarchunies,2,CIEP,1,2,False,GEN,1.291516,0.938462,0.852178,0.975811,65,1,1,GEN:1,4:nies
saknikleri,sacnicleri śacnicleri,7,CIEP CIEW ETP,3,1,False,NOM,1.129149,1.000000,0.889745,1.000000,31,3,3,NOM:3,2:ri
spureri,spureri śpureri,7,CIEP CIEW ETP,3,1,True,NOM,1.129149,1.000000,0.889745,1.000000,31,3,3,NOM:3,2:ri
meleri,meleri,3,CIEP CIEW,2,1,False,NOM,1.129149,1.000000,0.889745,1.000000,31,3,3,NOM:3,2:ri
θezeri,θezeri,3,CIEW ETP,2,1,True,NOM,1.129149,1.000000,0.889745,1.000000,31,3,3,NOM:3,2:ri
akasri,acasri,2,CIEP CIEW,2,1,False,NOM,1.129149,1.000000,0.889745,1.000000,31,3,3,NOM:3,2:ri
perpri,perpri,2,CIEP CIEW,2,1,False,NOM,1.129149,1.000000,0.889745,1.000000,31,3,3,NOM:3,2:ri
serturi,serturi,2,CIEP CIEW-CIE,2,2,False,NOM,1.129149,1.000000,0.889745,1.000000,31,3,3,NOM:3,2:ri
zeri,zeri,3,CIEW,1,1,False,NOM,1.129149,1.000000,0.889745,1.000000,31,3,3,NOM:3,2:ri
thezeri,thezeri,2,CIEP,1,1,False,NOM,1.129149,1.000000,0.889745,1.000000,31,3,3,NOM:3,2:ri
elina,elina,2,CIEP,1,2,False,NOM,1.102877,1.000000,0.889745,1.000000,31,2,2,NOM:2,4:lina
lasna,lasna,2,CIEP,1,1,False,NOM,1.102877,1.000000,0.889745,1.000000,31,2,2,NOM:2,4:asna
tlesna,tlesna,9,CIEP CIEW-CIE,2,9,False,NOM,0.973449,1.000000,0.889745,1.000000,31,2,2,NOM:2,3:sna
eisna,eisna,3,CIEP CIEW,2,1,False,NOM,0.973449,1.000000,0.889745,1.000000,31,2,2,NOM:2,3:sna
aisna,aisna,3,CIEW,1,1,False,NOM,0.973449,1.000000,0.889745,1.000000,31,2,2,NOM:2,3:sna
kapsna,capsna,3,CIEW-CIE,1,3,False,NOM,0.973449,1.000000,0.889745,1.000000,31,2,2,NOM:2,3:sna
ankari,ancari,2,CIEW-CIE,1,2,False,NOM,0.973449,1.000000,0.889745,1.000000,31,2,2,NOM:2,3:ari
pesna,pesna,2,CIEP,1,2,False,NOM,0.973449,1.000000,0.889745,1.000000,31,2,2,NOM:2,3:sna
urasi,urasi,2,CIEP ETP,2,2,False,PERT,0.905709,0.500000,0.187616,0.812384,6,1,1,PERT:1,4:rasi
kuninasi,kuninasi,2,CIEP,1,1,False,PERT,0.905709,0.500000,0.187616,0.812384,6,1,1,PERT:1,4:nasi
venzile,venzile,2,CIEP,1,2,False,PERT,0.905709,0.500000,0.187616,0.812384,6,1,1,PERT:1,4:zile
tinusi,tinusi,2,CIEP CIEW-CIE,2,2,False,PERT,0.897942,0.500000,0.187616,0.812384,6,1,1,PERT:1,3:usi
srenχve,srenχve σrenχve,5,CIEW ETP,2,1,True,NOM,0.792677,1.000000,0.889745,1.000000,31,2,2,NOM:2,2:ve
atrane,atrane,4,CIEP CIEW-CIE,2,4,False,NOM,0.792677,1.000000,0.889745,1.000000,31,2,2,NOM:2,2:ne
une,une,4,CIEW ETP,2,2,True,NOM,0.792677,1.000000,0.889745,1.000000,31,2,2,NOM:2,2:ne
apirase,apirase,2,CIEP CIEW,2,1,False,NOM,0.792677,1.000000,0.889745,1.000000,31,2,2,NOM:2,2:se
kusine,cusine,2,CIEP CIEW-CIE,2,2,False,NOM,0.792677,1.000000,0.889745,1.000000,31,2,2,NOM:2,2:ne
zaθrumsne,zaθrumsne,2,CIEW ETP,2,1,True,NOM,0.792677,1.000000,0.889745,1.000000,31,2,2,NOM:2,2:ne
ethrse,ethrse,5,CIEP,1,1,False,NOM,0.792677,1.000000,0.889745,1.000000,31,2,2,NOM:2,2:se
eθrse,eθrse,4,CIEW,1,1,False,NOM,0.792677,1.000000,0.889745,1.000000,31,2,2,NOM:2,2:se
ferse,ferse,4,CIEP,1,4,False,NOM,0.792677,1.000000,0.889745,1.000000,31,2,2,NOM:2,2:se
patislane,patislane,4,CIEP,1,4,False,NOM,0.792677,1.000000,0.889745,1.000000,31,2,2,NOM:2,2:ne
fase,fase,3,CIEW,1,1,False,NOM,0.792677,1.000000,0.889745,1.000000,31,2,2,NOM:2,2:se
pekse,pecse,3,CIEP,1,3,False,NOM,0.792677,1.000000,0.889745,1.000000,31,2,2,NOM:2,2:se
huslne,huslne,2,CIEW,1,1,False,NOM,0.792677,1.000000,0.889745,1.000000,31,2,2,NOM:2,2:ne
ilakve,ilacve,2,SUPP:pyrgi_wikipedia.csv,1,1,False,NOM,0.792677,1.000000,0.889745,1.000000,31,2,2,NOM:2,2:ve
kekhase,cechase,2,CIEP,1,2,False,NOM,0.792677,1.000000,0.889745,1.000000,31,2,2,NOM:2,2:se
lapse,lapse,2,ETP,1,2,False,NOM,0.792677,1.000000,0.889745,1.000000,31,2,2,NOM:2,2:se
naχve,naχve,2,CIEW,1,1,False,NOM,0.792677,1.000000,0.889745,1.000000,31,2,2,NOM:2,2:ve
pisavrese,pisavrese,2,CIEP,1,1,False,NOM,0.792677,1.000000,0.889745,1.000000,31,2,2,NOM:2,2:se
srenkve,srencve,2,CIEW,1,1,False,NOM,0.792677,1.000000,0.889745,1.000000,31,2,2,NOM:2,2:ve
zusleve,zusleve,2,CIEW,1,1,False,NOM,0.792677,1.000000,0.889745,1.000000,31,2,2,NOM:2,2:ve
θezine,θezine,2,CIEW,1,1,False,NOM,0.792677,1.000000,0.889745,1.000000,31,2,2,NOM:2,2:ne
suθina,σuθina,3,ETP,1,3,False,NOM,0.592051,1.000000,0.889745,1.000000,31,1,1,NOM:1,4:θina
keli,celi,6,CIEW ETP,2,1,True,NOM,0.462624,1.000000,0.889745,1.000000,31,1,1,NOM:1,3:eli
keχa,ceχa,3,CIEW ETP,2,3,True,NOM,0.462624,1.000000,0.889745,1.000000,31,1,1,NOM:1,3:eχa
veli,veli,4,CIEW-CIE,1,4,False,NOM,0.462624,1.000000,0.889745,1.000000,31,1,1,NOM:1,3:eli
thaniku,thanicu,3,CIEP,1,3,False,NOM,0.462624,1.000000,0.889745,1.000000,31,1,1,NOM:1,3:iku
utuse,utuse,3,CIEP,1,3,False,NOM,0.462624,1.000000,0.889745,1.000000,31,1,1,NOM:1,3:use
aliku,aliqu,2,ETP,1,2,True,NOM,0.462624,1.000000,0.889745,1.000000,31,1,1,NOM:1,3:iku
alpnu,alpnu,2,CIEP,1,2,False,NOM,0.462624,1.000000,0.889745,1.000000,31,1,1,NOM:1,3:pnu
feli,feli,2,CIEP,1,2,False,NOM,0.462624,1.000000,0.889745,1.000000,31,1,1,NOM:1,3:eli
riri,riri,2,CIEP,1,1,False,NOM,0.462624,1.000000,0.889745,1.000000,31,1,1,NOM:1,3:iri
thaktara,thactara,2,CIEP,1,1,False,NOM,0.462624,1.000000,0.889745,1.000000,31,1,1,NOM:1,3:ara
upiku,upiku,2,CIEP,1,2,False,NOM,0.462624,1.000000,0.889745,1.000000,31,1,1,NOM:1,3:iku
urste,urste,2,CIEP,1,2,False,NOM,0.462624,1.000000,0.889745,1.000000,31,1,1,NOM:1,3:ste
uthste,uthste,2,CIEP,1,2,False,NOM,0.462624,1.000000,0.889745,1.000000,31,1,1,NOM:1,3:ste
veliku,velicu,2,CIEP,1,2,False,NOM,0.462624,1.000000,0.889745,1.000000,31,1,1,NOM:1,3:iku
venete,venete,7,CIEP CIEW-CIE,2,7,False,NOM,0.281851,1.000000,0.889745,1.000000,31,1,1,NOM:1,2:te
ara,ara,5,CIEW ETP,2,3,True,NOM,0.281851,1.000000,0.889745,1.000000,31,1,1,NOM:1,2:ra
tur,tur,5,CIEW ETP,2,2,True,NOM,0.281851,1.000000,0.889745,1.000000,31,1,1,NOM:1,2:ur
vakil,vacil,5,CIEP CIEW,2,1,False,NOM,0.281851,1.000000,0.889745,1.000000,31,1,1,NOM:1,2:il
tura,tura,3,CIEW ETP,2,1,True,NOM,0.281851,1.000000,0.889745,1.000000,31,1,1,NOM:1,2:ra
felmu,felmu,2,CIEP CIEW-CIE,2,2,False,NOM,0.281851,1.000000,0.889745,1.000000,31,1,1,NOM:1,2:mu
karku,carcu,2,CIEP CIEW-CIE,2,2,False,NOM,0.281851,1.000000,0.889745,1.000000,31,1,1,NOM:1,2:ku
spur,σpur spur,2,CIEW-CIE ETP,2,2,False,NOM,0.281851,1.000000,0.889745,1.000000,31,1,1,NOM:1,2:ur
vezra,vezra,2,CIEP ETP,2,2,False,NOM,0.281851,1.000000,0.889745,1.000000,31,1,1,NOM:1,2:ra
pute,pute,8,CIEW,1,1,False,NOM,0.281851,1.000000,0.889745,1.000000,31,1,1,NOM:1,2:te
velthur,velthur,7,CIEP,1,7,False,NOM,0.281851,1.000000,0.889745,1.000000,31,1,1,NOM:1,2:ur
kaku,cacu,3,CIEP,1,3,False,NOM,0.281851,1.000000,0.889745,1.000000,31,1,1,NOM:1,2:ku
ekra,ekra,2,CIEP,1,2,False,NOM,0.281851,1.000000,0.889745,1.000000,31,1,1,NOM:1,2:ra
esera,esera,2,CIEW,1,1,False,NOM,0.281851,1.000000,0.889745,1.000000,31,1,1,NOM:1,2:ra
etera,etera,2,CIEW-CIE,1,2,False,NOM,0.281851,1.000000,0.889745,1.000000,31,1,1,NOM:1,2:ra
kastur,kastur,2,CIEP,1,2,False,NOM,0.281851,1.000000,0.889745,1.000000,31,1,1,NOM:1,2:ur
latiθe,latiθe,2,CIEW-CIE,1,2,False,NOM,0.281851,1.000000,0.889745,1.000000,31,1,1,NOM:1,2:θe
mama,mama,2,CIEP,1,2,False,NOM,0.281851,1.000000,0.889745,1.000000,31,1,1,NOM:1,2:ma
metli,metli,2,CIEP,1,2,False,NOM,0.281851,1.000000,0.889745,1.000000,31,1,1,NOM:1,2:li
minate,minate,2,CIEP,1,2,False,NOM,0.281851,1.000000,0.889745,1.000000,31,1,1,NOM:1,2:te
nuθe,nuθe,2,ETP,1,1,True,NOM,0.281851,1.000000,0.889745,1.000000,31,1,1,NOM:1,2:θe
pleura,pleura,2,CIEW-CIE,1,2,False,NOM,0.281851,1.000000,0.889745,1.000000,31,1,1,NOM:1,2:ra
preku,precu,2,CIEP,1,2,False,NOM,0.281851,1.000000,0.889745,1.000000,31,1,1,NOM:1,2:ku
sethra,sethra,2,CIEP,1,2,False,NOM,0.281851,1.000000,0.889745,1.000000,31,1,1,NOM:1,2:ra
thuma,thuma,2,CIEP,1,1,False,NOM,0.281851,1.000000,0.889745,1.000000,31,1,1,NOM:1,2:ma
urinate,urinate,2,CIEW-CIE,1,2,False,NOM,0.281851,1.000000,0.889745,1.000000,31,1,1,NOM:1,2:te
