title,type_object,material,date,sortdate,date_derivation,site,field_name,location,inventory_number,dimension,condition,source,checklevel,revision_id,revision_timestamp,url
AK-1 rock,rock,stone,unknown,0,,Achenkirch,,in situ,,,damaged,,0,17734,2020-04-29T14:28:34Z,https://tir.univie.ac.at/wiki/AK-1_rock
AK-2 rock,rock,stone,,,,Achenkirch,,in situ,,,damaged,,0,17495,2020-04-09T15:05:22Z,https://tir.univie.ac.at/wiki/AK-2_rock
AS-1 potsherd,vessel,pottery,4th–2nd centuries BC,-200,archaeological context,Rotzo,"Bostel,",unknown,,,unknown,Orsi 1890: 293–294; PID: 30–31 (No. 216),0,12319,2015-06-10T06:19:54Z,https://tir.univie.ac.at/wiki/AS-1_potsherd
AS-10 potsherd,cup,pottery,4th–2nd centuries BC,-200,archaeological context,Rotzo,Bostel,unknown,,,fragmentary,Pellegrini 1915: 121; PID: 32 (No. 218 viii),3,12081,2015-05-11T09:03:28Z,https://tir.univie.ac.at/wiki/AS-10_potsherd
AS-11 potsherd,vessel,pottery,4th–2nd centuries BC,-200,archaeological context,Rotzo,Bostel,unknown,,,fragmentary,PID: 32 (No. 218 ix),3,12082,2015-05-11T09:05:14Z,https://tir.univie.ac.at/wiki/AS-11_potsherd
AS-12 needle,needle,bone,4th–2nd centuries BC,-200,archaeological context,Rotzo,"Bostel,",unknown,,length 11 cm,unknown,Orsi 1890: 293; PID: 32–33 (No. 219 i),0,12318,2015-06-10T06:18:54Z,https://tir.univie.ac.at/wiki/AS-12_needle
AS-13 needle,needle,bone,4th–2nd centuries BC,-200,archaeological context,Rotzo,"Bostel,",unknown,,,unknown,Nalli 1895: 258 (No. 3); PID: 32–33 (No. 219 ii),0,12084,2015-05-11T09:08:56Z,https://tir.univie.ac.at/wiki/AS-13_needle
AS-14 potsherd,pot,pottery,,,archaeological context,Piovene Rocchette,,unknown,,,fragmentary,"Pellegrini 1918: 192–193, fn 3, fig. C; PID: 33 [No. 220]",3,15437,2016-03-15T12:56:18Z,https://tir.univie.ac.at/wiki/AS-14_potsherd
AS-15 beaker,beaker,pottery,end of the 4th–3rd centuries BC,-250,archaeological context,Rotzo,"Bostel,",Museo Archeologico dell'Altopiano dei Sette Comuni,361237,"height: 11.8 cm, diameter foot: 4.6 cm, diameter mouth: 11.5 cm","complete, restored, damaged","De Guio 2011: 176 et seq., fig. 10.3",0,14865,2016-01-21T14:26:57Z,https://tir.univie.ac.at/wiki/AS-15_beaker
AS-16 beaker,beaker,pottery,end of the 4th-3rd centuries BC,-250,archaeological context,Rotzo,"Bostel,",Museo Archeologico dell'Altopiano dei Sette Comuni,unknown,"height: ca. 11 cm, diameter foot: 6 cm, diameter mouth: 12.5 cm","complete, restored, damaged","De Guio 2011: 176 et seq., fig. 10.2",0,14864,2016-01-21T14:25:01Z,https://tir.univie.ac.at/wiki/AS-16_beaker
AS-17 potsherd,beaker,pottery,end of the 4th-3rd centuries BC,-250,archaeological context,Rotzo,"Bostel,",Museo Archeologico dell'Altopiano dei Sette Comuni,320448,"diameter foot: 6 cm, diameter body: 8 cm",fragmentary,"MLR: 128–129 [MLR 100], with photo",0,14860,2016-01-21T10:19:40Z,https://tir.univie.ac.at/wiki/AS-17_potsherd
AS-18 potsherd,beaker,pottery,end of the 4th-3rd centuries BC,-250,archaeological context,Rotzo,"Bostel,",Museo Archeologico dell'Altopiano dei Sette Comuni,unknown,diameter foot: 6 cm,"fragmentary, restored","MLR: 131 [MLR 102], with photo",0,14859,2016-01-21T10:19:10Z,https://tir.univie.ac.at/wiki/AS-18_potsherd
AS-19 beaker,beaker,pottery,end of the 4th-3rd centuries BC,-250,archaeological context,Rotzo,"Bostel,",Museo Archeologico dell'Altopiano dei Sette Comuni,320442,"height: 9.3 cm, diameter foot: 6 cm, diameter mouth: 12.3 cm","complete, restored, damaged","De Guio 2011: 176 et seq., fig. 10.5",0,14868,2016-01-22T08:13:05Z,https://tir.univie.ac.at/wiki/AS-19_beaker
AS-2 potsherd,vessel,pottery,4th–2nd centuries BC,-200,archaeological context,Rotzo,"Bostel,",unknown,,,unknown,Fiorelli 1881: 154–155; Nalli 1895: 258 [No. 1]; PID: 31–32 [No. 217],0,14181,2015-11-11T10:13:25Z,https://tir.univie.ac.at/wiki/AS-2_potsherd
AS-20 potsherd,beaker,pottery,end of the 4th-3rd centuries BC,-250,archaeological context,Rotzo,"Bostel,",Museo Archeologico dell'Altopiano dei Sette Comuni,42691,"diameter foot: 5.8 cm, diameter body: 9.1 cm","fragmentary, restored","De Guio 2011: 176 et seq., fig. 10.4",0,14867,2016-01-21T14:46:40Z,https://tir.univie.ac.at/wiki/AS-20_potsherd
AS-21 beaker,beaker,pottery,end of the 4th–3rd centuries BC,-250,archaeological context,Rotzo,"Bostel,",Museo Archeologico dell'Altopiano dei Sette Comuni,320454,"height: 10.5 cm, diameter foot: 5 cm, diameter mouth: 8 cm","complete, restored, damaged","De Guio 2011: 176 et seq., fig. 10.6",0,14866,2016-01-21T14:30:05Z,https://tir.univie.ac.at/wiki/AS-21_beaker
AS-22 beaker,beaker,pottery,end of the 4th-3rd centuries BC,-250,archaeological context,Rotzo,"Bostel,",Museo Archeologico dell'Altopiano dei Sette Comuni,unknown,"height: 9.5 cm, diameter foot: 5.3 cm, diameter mouth: 10.4 cm","complete, restored, damaged",unpublished,0,14913,2016-01-27T10:30:05Z,https://tir.univie.ac.at/wiki/AS-22_beaker
AS-23 beaker,beaker,pottery,end of the 4th-3rd centuries BC,-250,archaeological context,Rotzo,"Bostel,",Museo Archeologico dell'Altopiano dei Sette Comuni,320461,"height: about 11.5 cm, diameter foot: 6.1 cm, diameter mouth: 12.1 cm","complete, restored",Marinetti 2011b: 202 [No. 4] with fig.,0,14869,2016-01-22T09:39:49Z,https://tir.univie.ac.at/wiki/AS-23_beaker
AS-3 potsherd,beaker,pottery,end of the 4th-3rd centuries BC,-250,archaeological context,Rotzo,Bostel,Museo Nazionale Atestino,213404,"height: 5.3 cm, width: 8.5 cm, thickness: 0.6 cm",fragmentary,"Pellegrini 1915: 120–121, pl. II.23; PID: 32 [No. 218 i]",0,14873,2016-01-25T14:06:59Z,https://tir.univie.ac.at/wiki/AS-3_potsherd
AS-4 potsherd,vessel,pottery,4th–2nd centuries BC,-200,archaeological context,Rotzo,Bostel,unknown,,,fragmentary,"Pellegrini 1915: 120–121, pl. II.22; PID: 32 (No. 218 ii); Leonardi & Ruta Serafini 1981: 36 (No. 154), fig. 37.154",3,12325,2015-06-10T09:54:58Z,https://tir.univie.ac.at/wiki/AS-4_potsherd
AS-5 potsherd,vessel,pottery,4th–2nd centuries BC,-200,archaeological context,Rotzo,Bostel,unknown,,,fragmentary,Pellegrini 1915: 121; PID: 32 (No. 218 iii),3,12076,2015-05-11T08:55:00Z,https://tir.univie.ac.at/wiki/AS-5_potsherd
AS-6 potsherd,vessel,pottery,4th–2nd centuries BC,-200,archaeological context,Rotzo,Bostel,unknown,,,fragmentary,Pellegrini 1915: 121; PID: 32 (No. 218 iv),3,12077,2015-05-11T08:57:04Z,https://tir.univie.ac.at/wiki/AS-6_potsherd
AS-7 potsherd,vessel,pottery,4th–2nd centuries BC,-200,archaeological context,Rotzo,Bostel,unknown,,,fragmentary,Pellegrini 1915: 121; PID: 32 (No. 218 v),3,12078,2015-05-11T08:58:07Z,https://tir.univie.ac.at/wiki/AS-7_potsherd
AS-8 potsherd,cup,pottery,4th–2nd centuries BC,-200,archaeological context,Rotzo,Bostel,unknown,,,fragmentary,Pellegrini 1915: 121; PID: 32 (No. 218 vi),3,12079,2015-05-11T09:00:38Z,https://tir.univie.ac.at/wiki/AS-8_potsherd
AS-9 potsherd,cup,pottery,4th–2nd centuries BC,-200,archaeological context,Rotzo,Bostel,unknown,,,fragmentary,Pellegrini 1915: 121; PID: 32 (No. 218 vii),3,12080,2015-05-11T09:02:11Z,https://tir.univie.ac.at/wiki/AS-9_potsherd
AV-1 ring,ring,silver,5th century BC,-470,archaeological context,Nußdorf,Flur Moosholz,Archäologische Staatssammlung München,"2001,37","diameter: 1.8-2 cm, height: 2-2.5 mm, thickness: 0.15-0.7 mm, weight: 0.831 g",complete,"Ziegaus & Rix 1998: 296–303, fig. 1,3; Neudert 2005: 9, fig. 4a, 4b; Ziegaus 2011: 644, fig. 7.18; Hauser 2011: 69–70 (cat. No. 2), pl. 1,2",3,13464,2015-09-10T13:28:15Z,https://tir.univie.ac.at/wiki/AV-1_ring
BZ-1 potsherd,bowl,pottery,middle of the 5th–middle of the 3rd centuries BC,-350,"typology, archaeological context",Meran / Merano,Hochbühel,Tiroler Landesmuseum Ferdinandeum,12.629,"height: 4.9 cm, rim diameter: 8 cm, maximum diameter: 10.4 cm, thickness: 4 mm","fragmentary, restored, damaged","Torggler-Wöß 1953b: 442–443, pl. I/4; Lunz 1974: 410 [No. 73.1], pl. 73,1",0,15470,2016-03-22T14:39:14Z,https://tir.univie.ac.at/wiki/BZ-1_potsherd
BZ-10 slab,slab,porphyry,5th–2nd centuries BC,-300,archaeological context,Pfatten / Vadena,Stadlhof,Tiroler Landesmuseum Ferdinandeum,8.636,"height: 115.5 cm, length: 29 cm, width: 14.5 cm",complete,"Franz 1951: 129–130, pl. XV; Franz 1959: 229, pl. 4; Marchesini 2014b: 202 (fig.), pl. 2",5,14747,2016-01-14T15:49:29Z,https://tir.univie.ac.at/wiki/BZ-10_slab
BZ-11 cist,vessel,bronze,,,archaeological context,Pfatten / Vadena,"Stadlhof,",unknown,,,"damaged, fragmentary","Ghislanzoni 1939: 514–515, fig. 156",5,12643,2015-07-08T07:34:58Z,https://tir.univie.ac.at/wiki/BZ-11_cist
BZ-12 key,key,iron,,,,Pfatten / Vadena,Leuchtenburg / Castelchiaro,Amt für Bodendenkmäler Bozen / Ufficio Beni archeologici Bolzano,none,"length: 38.9 cm, width: 22.5 cm, thickness: 10 mm",complete,"Schumacher 2004: 181, 210–211, pl. 4.1",5,13433,2015-09-09T13:15:31Z,https://tir.univie.ac.at/wiki/BZ-12_key
BZ-13 potsherd,bowl,pottery,3rd–2nd centuries BC,-200,typology,Pfatten / Vadena,,unknown,,,fragmentary,"Schumacher 2004: 182, 211, pl. 3.4",3,12057,2015-05-11T03:36:13Z,https://tir.univie.ac.at/wiki/BZ-13_potsherd
BZ-14 plaque,plaque,bronze,,,,Eppan / Appiano,Putzer Gschleier,Amt für Bodendenkmäler Bozen / Ufficio Beni archeologici Bolzano,2405,"length: 8.2 cm, width: 2.3 cm, height: 0.9 cm, thickness: 0.1 mm",fragmentary,"Mayr 1947: 267; Franz 1957: 105–106; Pallua 1970: 23, 40 [cat. No. 597], fig. 5",5,13434,2015-09-09T13:19:10Z,https://tir.univie.ac.at/wiki/BZ-14_plaque
BZ-15 antler,unidentifiable,antler,,,,Eppan / Appiano,Putzer Gschleier,Tiroler Landesmuseum Ferdinandeum,17.611,"length: 14.3 cm, width: 2.5 cm, height: 2.2 cm","damaged, fragmentary","Franz 1957: 106 fig. 1; Pallua 1970: 41 (cat. No. 10), pl. 2, fig. 7; Nothdurfter 2002: 1148 (list 3, No. 3)",5,13768,2015-09-28T12:40:46Z,https://tir.univie.ac.at/wiki/BZ-15_antler
BZ-16 chisel,chisel,iron,,,,Eppan / Appiano,St. Pauls / San Paolo,Tiroler Landesmuseum Ferdinandeum,15.040,"length: 16.6 cm, width: 2.1 cm, height: 1.9 cm","complete, damaged","Pallua 1970: 43 (cat. No. 620), pl. 5, fig. 2",5,13775,2015-09-28T13:00:59Z,https://tir.univie.ac.at/wiki/BZ-16_chisel
BZ-17 axe,axe,bronze,7th–beginning of the 6th centuries BC,-600,typology,Kaltern / Caldaro,,Castello del Buonconsiglio,2789,"length: 13.7 cm, width: 6.1 cm, height: 4.1 cm",complete,"Orsi 1882: 14 [No. 8], fig. 1.8; Lunz 1974: 355, pl. 6.6; Marzatico 1997: 452–453 [No. 1100], fig. 197; Zamboni 2011g: 641, fig. 7.16",5,14553,2015-12-10T09:05:52Z,https://tir.univie.ac.at/wiki/BZ-17_axe
BZ-19 sickle,sickle,iron,,,,Tisens / Tesimo,"St. Hippolyt / Sant'Ippolito,",Tiroler Landesmuseum Ferdinandeum,17.322,"length: 21.4 cm, width: 10.7 cm, thickness: 4 mm","complete, damaged","Franz 1959: 229, fig. 3.3; Kaltenhauser 1966: 62, pl. 15.8",5,17634,2020-04-16T10:04:19Z,https://tir.univie.ac.at/wiki/BZ-19_sickle
BZ-2 axe,axe,bronze,5th century BC,-450,typology,Tisens / Tesimo,St. Christoph,Tiroler Landesmuseum Ferdinandeum,1.684,"length: 16.4 cm, width: 7.5 cm, height: 2.9 cm",complete,"Campi 1901: 6 et seqq.; Mayr 1955: 42–43, pl. 1; Lunz 1974: 358, pl. 10; Zemmer-Plank et al. 1985: 165 [cat. No. 34]",5,15700,2016-04-11T14:59:01Z,https://tir.univie.ac.at/wiki/BZ-2_axe
BZ-20 potsherd,bowl,pottery,middle of the 5th–4th centuries BC,-375,"typology, archaeological context",Tisens / Tesimo,"St. Hippolyt / Sant'Ippolito,",Tiroler Landesmuseum Ferdinandeum,1.297,"height: 5 cm, rim diameter: 8 cm, maximum diameter: 8.4 cm, thickness: 4 mm",fragmentary,"Kaltenhauser 1966: 143 [No. 309], pl. 37.5; Lunz 1974: 412 [No. 73.16], pl. 73.16",2,15473,2016-03-23T07:18:27Z,https://tir.univie.ac.at/wiki/BZ-20_potsherd
BZ-21 potsherd,bowl,pottery,middle of the 5th–1st half of the 4th centuries BC,-375,"typology, archaeological context",Tisens / Tesimo,"St. Hippolyt / Sant'Ippolito,",Tiroler Landesmuseum Ferdinandeum,1.298,"height: 5.6 cm, rim diameter: 7.6 cm, maximum diameter: 8.4 cm, thickness: 3 mm",fragmentary,"Kaltenhauser 1966: 142 [No. 308], pl. 37.4",0,15476,2016-03-23T07:46:35Z,https://tir.univie.ac.at/wiki/BZ-21_potsherd
BZ-22 potsherd,bowl,pottery,middle of the 5th–4th centuries BC,-375,"typology, archaeological context",Tisens / Tesimo,"St. Hippolyt / Sant'Ippolito,",Tiroler Landesmuseum Ferdinandeum,15.550,"length: 4.6 cm, height: 3.3 cm, thickness: 4 mm",fragmentary,"Kaltenhauser 1966: 143 [No. 310], pl. 37.6",0,15477,2016-03-23T07:56:38Z,https://tir.univie.ac.at/wiki/BZ-22_potsherd
BZ-23 potsherd,bowl,pottery,end of the 6th–middle of the 3rd centuries BC,-375,archaeological context,Meran / Merano,"Hochbühel,",Tiroler Landesmuseum Ferdinandeum,2.574,"height: 2.7 cm, base diameter: 8 cm, thickness: 7 mm",fragmentary,Torggler-Wöß 1953b: 442 [No. 2 Standringe],0,15464,2016-03-18T08:35:42Z,https://tir.univie.ac.at/wiki/BZ-23_potsherd
BZ-24 slab,slab,sandstone,,,"archaeological context, linguistics",Eppan / Appiano,Maderneid / Maderneto,Stadtmuseum Bozen / Museo Civico di Bolzano,,"length: 40 cm, width: 13 cm, height: 60 cm",complete,Mayr 1956: 175–176,5,13452,2015-09-10T12:50:38Z,https://tir.univie.ac.at/wiki/BZ-24_slab
BZ-25 fragment,vessel,bronze,,,,Pfatten / Vadena,,Castello del Buonconsiglio,6401,"height: 5.4 cm, rim diameter: 6.3 cm, base diamenter: 5.9 cm, thickness: 0.1 mm",fragmentary,unpublished,5,13538,2015-09-17T12:28:08Z,https://tir.univie.ac.at/wiki/BZ-25_fragment
BZ-26 fragment,helmet,bronze,2nd half of the 5th century–1st century BC,-225,typology,Jenesien / San Genesio Atesino,Kosman-Gut,Amt für Bodendenkmäler Bozen / Ufficio Beni archeologici Bolzano,,"fragment 1: length: 5.7 cm, width: 3 cm, height: 0.6 cm, thickness: 1 mm<br>fragment 2: length: 4 cm, width: 3.9 cm, thickness: 1 mm<br>fragment 3: length: 2.8 cm, width: 1.8 cm, thickness: 1 mm<br>fragment 4: length: 2.1 cm, width: 1.5 cm, thickness: 1 mm",fragmentary,Lunz & Morandi 2003: 341–349,5,13543,2015-09-17T12:40:26Z,https://tir.univie.ac.at/wiki/BZ-26_fragment
BZ-27 fragment,helmet,bronze,2nd half of the 5th century–1st century BC,-225,typology,Jenesien / San Genesio Atesino,Kosman-Gut,Amt für Bodendenkmäler Bozen / Ufficio Beni archeologici Bolzano,,"length: 2.7 cm, width: 1.8 cm, height: 1.4 cm, thickness: 1 mm",fragmentary,unpublished,5,13436,2015-09-09T13:29:14Z,https://tir.univie.ac.at/wiki/BZ-27_fragment
BZ-28 fragment,helmet,bronze,2nd half of the 5th century–1st century BC,-225,typology,Jenesien / San Genesio Atesino,Kosman-Gut,Amt für Bodendenkmäler Bozen / Ufficio Beni archeologici Bolzano,,"length: 3.6 cm, width: 1.9 cm, height: 0.3 cm, thickness: 1.5 mm",fragmentary,unpublished,5,13437,2015-09-09T13:31:26Z,https://tir.univie.ac.at/wiki/BZ-28_fragment
BZ-29 fragment,helmet,bronze,2nd half of the 5th century–1st century BC,-225,typology,Jenesien / San Genesio Atesino,Kosman-Gut,Amt für Bodendenkmäler Bozen / Ufficio Beni archeologici Bolzano,,"length: 3.7 cm, width: 2.5 cm, height: 0.4 cm, thickness: 1 mm",fragmentary,unpublished,5,13438,2015-09-09T13:35:57Z,https://tir.univie.ac.at/wiki/BZ-29_fragment
BZ-3 simpulum,simpulum,bronze,5th–4th centuries BC,-400,typology,Terlan / Terlano,Siebeneich,Tiroler Landesmuseum Ferdinandeum,115,"height: 19.4 cm, length: 9.7 cm, thickness (stem): 6 mm, thickness (bowl): 1.5 mm","complete, damaged",Lunz 1973b: 54; Zemmer-Plank et al. 1985: 166 (cat. No. 44),5,13638,2015-09-23T13:43:20Z,https://tir.univie.ac.at/wiki/BZ-3_simpulum
BZ-4 fragment,vessel,bronze,,,,Bozen / Bolzano,Moritzing / San Maurizio,Staatliche Museen zu Berlin – Antikensammlung,Fr. 1810,"rim diameter: 10.8 cm, height: 4 cm, thickness: 0.2 mm",fragmentary,"Mayr 1960c: 126–127; Egg 1992: 156–158, fig. 5,1, pl. 4.2, pl. 8; Steiner 2002: 254–258, 314, pl. 38,4",3,14011,2015-11-03T07:29:11Z,https://tir.univie.ac.at/wiki/BZ-4_fragment
BZ-5 handle,vessel,bronze,5th–3rd centuries BC,-350,typology,Siebeneich / Settequerce,Greifensteiner Hang,Amt für Bodendenkmäler Bozen / Ufficio Beni archeologici Bolzano,none,"length: 12 cm, width: 1 cm, thickness: 5 mm",restored,"Lunz 1985: 145–146, pl. XXXVII, fig. 9.12",0,13431,2015-09-09T13:03:06Z,https://tir.univie.ac.at/wiki/BZ-5_handle
BZ-6 slab,slab,stone,,,cultural context,Siebeneich / Settequerce,Patauner,Amt für Bodendenkmäler Bozen / Ufficio Beni archeologici Bolzano,7789,"length: 19 cm, width: 12 cm, height: 72 cm",damaged,Schumacher 2004: 179,5,13432,2015-09-09T13:06:40Z,https://tir.univie.ac.at/wiki/BZ-6_slab
BZ-7 cist,vessel,bronze,,,,Bozen / Bolzano,Moritzing / San Maurizio,Tiroler Landesmuseum Ferdinandeum,2.729,"height: 31.4 cm, thickness: 0.2 mm",fragmentary,"Wieser 1891: 311– 315 (No. 1), pl. I, pl. IV.1, pl. IV.2; Frey 1962: 68–69 (No. 13), fig. 12, pl. 29, pl. 66; Sölder 2011: 597",5,17625,2020-04-16T09:59:28Z,https://tir.univie.ac.at/wiki/BZ-7_cist
BZ-8 situla,vessel,bronze,beginning of the 4th century BC,-388,"typology, archaeological context",Bozen / Bolzano,Moritzing / San Maurizio,Tiroler Landesmuseum Ferdinandeum,2.717,"height (largest fragment): 9.8 cm, rim diameter: 22.4 cm, thickness: 0.2 mm",fragmentary,"Wieser 1891: 319–323, pl. 3, pl. 4.4; Steiner 2002: 311, pl. 30",5,17628,2020-04-16T10:00:19Z,https://tir.univie.ac.at/wiki/BZ-8_situla
BZ-9 handle,vessel,bronze,5th–4th centuries BC,-400,unknown,Bozen / Bolzano,Moritzing / San Maurizio,Stadtmuseum Bozen / Museo Civico di Bolzano,87,"length: 17 cm, height: 10.7 cm, thickness: 6.5 mm",unknown,"Orgler 1866: 2–5 fig. 35; Steiner 2002: 254–258, 303, pl. 19,7",5,13451,2015-09-10T12:47:22Z,https://tir.univie.ac.at/wiki/BZ-9_handle
CE-1 situla,vessel,bronze,4th century BC,-350,typology,Cembra,Caslir,Castello del Buonconsiglio,6387,"height: 28.3 cm, rim diameter: 23.6 cm, maximum diameter: 29 cm, base diameter: 22.6 cm, thickness: 0.4 mm","complete, damaged","Marzatico 1998: 29–30, fig. 9; Oberosler 2004: 645–646, fig. 6.4; Marzatico 2011: 640–641, fig. 7.15",5,13539,2015-09-17T12:31:24Z,https://tir.univie.ac.at/wiki/CE-1_situla
EN-1 potsherd,bowl,pottery,first half of the 5th–middle of the 3rd centuries BC,-350,"typology, archaeological context",Ardez,Suotchastè,Rätisches Museum Chur,P 1973.2842,"length: 7.5 cm, height: 6.5 cm, thickness: 5 mm",fragmentary,"Risch 1989: 1580 (No. 1), fig. 7; Caduff 2007: 15–16, 43–45, 74 (No. 222), pl. 14.222",0,15415,2016-03-14T11:21:59Z,https://tir.univie.ac.at/wiki/EN-1_potsherd
FI-1 antler,handle,antler,half of the 5th–beginning of the 4th centuries BC,-425,archaeological context,Tesero,Sottopedonda,Soprintendenza per i beni culturali della Provincia autonoma di Trento – Ufficio beni archeologici,TSP 81,"length: 7 cm, width: 3.4 cm, height: 2.7 cm","incomplete, restored","Sebesta 1981: 193–204, fig. 1, 2, 3, 3a; Silvestri 1983: 195–196, fig. 8; Dal Rì 1987: 175–176 [No. 724]; Roncador 2011: 645–646, fig. 7.22",0,14992,2016-02-01T05:19:07Z,https://tir.univie.ac.at/wiki/FI-1_antler
FP-1 miniature shield,miniature shield,bronze,probably 5<sup>th</sup> century,-450,"typology, cultural context",Biberwier,Fern pass,Abteilung Ur- und Frühgeschichte Universität Innsbruck,none,9.9 cm x 4.7 cm x 0.4 mm,"incomplete, damaged",,2,17376,2020-04-02T22:08:25Z,https://tir.univie.ac.at/wiki/FP-1_miniature_shield
HU-1 axe,axe,bronze,,,,unknown,,unknown,,"9 cm, 16 cm",unknown,PID: 628 (No. 193bis),3,7023,2014-03-22T16:17:44Z,https://tir.univie.ac.at/wiki/HU-1_axe
HU-4 rod,unidentifiable,bronze,,,,unknown,,Castello del Buonconsiglio,"4422, 4423, 4424","fragment 1: length: 13.4 cm, width: 1.2 cm, thickness: 4 mm <br>fragment 2: length: 9 cm, width: 1.3 cm, thickness: 5 mm <br>fragment 3: length: 6.3 cm, width: 1 cm, thickness: 3.5 mm",fragmentary,IR: 285 (No. 71); Schumacher 2004: 197–198,5,13542,2015-09-17T12:38:43Z,https://tir.univie.ac.at/wiki/HU-4_rod
HU-5 bronze,bronze,bronze,4th–3rd centuries BC,-300,typology,unknown,,unknown,,,"complete, damaged","Gempeler 1976: 45, fig. 11a, 11b",1,9651,2014-11-17T13:35:36Z,https://tir.univie.ac.at/wiki/HU-5_bronze
HU-6 bronze,bronze,bronze,4th–3rd centuries BC,-300,typology,unknown,,unknown,,,"complete, damaged","Gempeler 1976: 48, fig. 12a, 12b",1,9657,2014-11-17T13:43:39Z,https://tir.univie.ac.at/wiki/HU-6_bronze
HU-7 situla,vessel,bronze,third quarter of the 6<sup>th</sup> century BC,-537,typology,unknown,,Rhode Island School of Design Museum,Mary B. Jackson Fund 32.245,"height: 26.6 cm, rim diameter: 21 cm, maximum diameter: 23.6 cm, base diameter: 13 cm",restored,,0,18196,2022-08-29T19:37:38Z,https://tir.univie.ac.at/wiki/HU-7_situla
IT-1 potsherd,handle,pottery,250–15 BC,-125,archaeological context,Volders,Himmelreich,Museum Wattens,W.619,"height: 6.9 cm, rim diameter: 16 cm, maximum diameter: 18 cm, thickness: 0.5 cm",fragmentary,"Kasseroler 1957: 102 [find No. M 619], pl. 42, 1",0,15480,2016-03-23T10:46:13Z,https://tir.univie.ac.at/wiki/IT-1_potsherd
IT-2 potsherd,bowl,pottery,,,archaeological context,Volders,Himmelreich,Museum Wattens,W.620,"length: 6.2 cm, height: 2.8 cm, rim diameter: 17 cm, thickness: 4 mm",fragmentary,"Kasseroler 1957: 102 [find No. M 620], pl. 42, 2",0,13745,2015-09-28T07:57:04Z,https://tir.univie.ac.at/wiki/IT-2_potsherd
IT-3 potsherd,vessel,pottery,250–150 BC,-200,archaeological context,Volders,Himmelreich,Tiroler Landesmuseum Ferdinandeum,18.22 H 659,"length: 4.8 cm, height: 5.6 cm, thickness: 3 mm",fragmentary,"Sinnhuber 1949: 64–65, pl. XXV, 43",0,15479,2016-03-23T09:48:07Z,https://tir.univie.ac.at/wiki/IT-3_potsherd
IT-4 unidentifiable,musical instrument,antler,120–15 BC,-70,archaeological context,Fritzens,Pirchboden,Museum Wattens,none,"length: 31.5 cm, width: 1.6 cm, height: 7.2 cm","damaged, incomplete, restored","Tomedi 2001: 31–32, fig. 19; Tomedi 2004: 384 et seq., fig. 2",5,17384,2020-04-03T17:04:01Z,https://tir.univie.ac.at/wiki/IT-4_unidentifiable
IT-5 plaque,plaque,bronze,end of the 6th–beginning of the 5th centuries BC,-500,palaeography,Ampass,Demlfeld,Abteilung Ur- und Frühgeschichte Universität Innsbruck,none,"length: 10.3 cm, width: 7 cm, thickness: 0.1 mm",fragmentary,"Tomedi et al. 2006: 119–120, fig. 7; Marchesini 2013: 45–53, fig. 1, fig. 2; De Simone & Marchesini 2013: pl. 1",1,17385,2020-04-03T17:07:15Z,https://tir.univie.ac.at/wiki/IT-5_plaque
IT-6 stone,stone,stone,,,archaeological context,Pfaffenhofen,Hörtenberg,Landeskonservatorat für Tirol,none,"length: 6.5 cm, width: 5.5 cm, height: 4.9 cm",complete,,0,17387,2020-04-03T17:11:09Z,https://tir.univie.ac.at/wiki/IT-6_stone
IT-7 plaque,plaque,iron,unknown,,archaeological context,Pfaffenhofen,Hörtenberg,Landeskonservatorat für Tirol,none,"length: 9.6 cm, width: 2.6 cm, thickness: 1.5 mm",fragmentary,,0,17388,2020-04-03T17:11:32Z,https://tir.univie.ac.at/wiki/IT-7_plaque
IT-8 potsherd,handle,pottery,,,"typology, archaeological context",Fliess,Pillerhöhe,Archäologisches Museum Fliess,Pi 293/96/1,"length: 4.6 cm, diameter: 1.3 cm",fragmentary,,0,17380,2020-04-03T15:42:14Z,https://tir.univie.ac.at/wiki/IT-8_potsherd
IT-9 fragment,miniature shield,bronze,probably 5<sup>th</sup> century,-450,"typology, cultural context",Fliess,Pillerhöhe,Abteilung Ur- und Frühgeschichte Universität Innsbruck,none,2.5 x 2.5 cm,fragmentary,,0,17382,2020-04-03T15:44:51Z,https://tir.univie.ac.at/wiki/IT-9_fragment
MA-1 antler,unidentifiable,antler,3rd–2nd centuries BC,-200,archaeological context,Magrè,"Castello,",Museo Nazionale Atestino,MNA 60460,"length: 11.3 cm, width: 2.8 cm, height: 1.2 cm",complete,"Pellegrini 1918: 184–185 [No. 12], fig. 19; Nothdurfter 2002: 1148 [list 3, No. 5]",5,13967,2015-10-29T13:00:11Z,https://tir.univie.ac.at/wiki/MA-1_antler
MA-10 antler,unidentifiable,antler,3rd–2nd centuries BC,-200,archaeological context,Magrè,Castello,Museo Nazionale Atestino,MNA 58809,"length: 9.9 cm, width: 2.3 cm, height: 9.5 mm",complete,"Pellegrini 1918: 187 [No. 17], fig. 24; Mayr 1956b: 245 [No. 1], fig. 2; Gambacurta et al. 2002: 189 [cat. No. 22.1]; Nothdurfter 2002: 1149 [list 3, No. 5]",5,13977,2015-10-29T13:11:56Z,https://tir.univie.ac.at/wiki/MA-10_antler
MA-11 antler,unidentifiable,antler,3rd–2nd centuries BC,-200,archaeological context,Magrè,"Castello,",Museo Nazionale Atestino,MNA 58816,"length: 10.9 cm, width: 3.5 cm, height: 1.3 cm",fragmentary,"Pellegrini 1918: 180 [No. 5], fig. 12; Gambacurta et al. 2002: 189 [cat. No. 22.8]; Nothdurfter 2002: 1149 [list 3, No. 5]",0,13978,2015-10-29T13:12:40Z,https://tir.univie.ac.at/wiki/MA-11_antler
MA-12 antler,unidentifiable,antler,3rd–2nd centuries BC,-200,archaeological context,Magrè,Castello,Museo Nazionale Atestino,MNA 60459,"length: 5.9 cm, width: 2.3 cm, height: 8 mm",fragmentary,"Pellegrini 1918: 180 [No. 4], fig. 11; Nothdurfter 2002: 1149 [list 3, No. 5]",5,13979,2015-10-29T13:13:12Z,https://tir.univie.ac.at/wiki/MA-12_antler
MA-13 antler,unidentifiable,antler,3rd–2nd centuries BC,-200,archaeological context,Magrè,"Castello,",Museo Nazionale Atestino,MNA 58815,"length: 13.5 cm, width: 2.55 cm, height: 1.15 cm",damaged,"Pellegrini 1918: 179 [No. 3], fig. 10; Pellegrini & Sebesta 1965: 3–4, fig. 2; Gambacurta et al. 2002: 189 [cat. No. 22.7]; Nothdurfter 2002: 1149 [list 3, No. 5]",5,13981,2015-10-29T13:19:15Z,https://tir.univie.ac.at/wiki/MA-13_antler
MA-14 antler,unidentifiable,antler,3rd–2nd centuries BC,-200,archaeological context,Magrè,"Castello,",Museo Nazionale Atestino,MNA 60457,"length: 13.4 cm, width: 2.4 cm, height: 1 cm","fragmentary, restored","Pellegrini 1918: 179 [No. 2], fig. 9; Nothdurfter 2002: 1149 [list 3, No. 5]",5,13982,2015-10-29T13:19:55Z,https://tir.univie.ac.at/wiki/MA-14_antler
MA-15 antler,unidentifiable,antler,3rd–2nd centuries BC,-200,archaeological context,Magrè,"Castello,",Museo Nazionale Atestino,,"length: 4.5 cm, width: 2.2 cm, height: 9 mm",fragmentary,"Pellegrini 1918: 189 [No. 20], fig. 27; Nothdurfter 2002: 1149 [list 3, No. 5]",5,13983,2015-10-29T13:21:04Z,https://tir.univie.ac.at/wiki/MA-15_antler
MA-16 antler,unidentifiable,antler,3rd–2nd centuries BC,-200,archaeological context,Magrè,"Castello,",Museo Nazionale Atestino,MNA 58819,"length: 17.6 cm, width: 2.9 cm, height: 1.85 cm","complete, damaged","Pellegrini 1918: 181 [No. 6], fig. 13; Nothdurfter 2002: 1149 [list 3, No. 5]",5,13984,2015-10-29T13:22:43Z,https://tir.univie.ac.at/wiki/MA-16_antler
MA-17 antler,unidentifiable,antler,3rd–2nd centuries BC,-200,archaeological context,Magrè,"Castello,",Museo Nazionale Atestino,MNA 60459,"length: 14.1 cm, width: 2.5 cm, height: 1.9 cm","complete, damaged","Pellegrini 1918: 182 [No. 7], fig. 14; Nothdurfter 2002: 1149 [list 3, No. 5]",5,13985,2015-10-29T13:23:35Z,https://tir.univie.ac.at/wiki/MA-17_antler
MA-18 antler,unidentifiable,antler,3rd–2nd centuries BC,-200,archaeological context,Magrè,"Castello,",Museo Nazionale Atestino,MNA 58818,"length: 11.7 cm, width: 2.4 cm, height: 1.15 cm","complete, damaged","Pellegrini 1918: 182 [No. 8], fig. 15; Gambacurta et al. 2002: 189 [cat. No. 22.10]; Nothdurfter 2002: 1149 [list 3, No. 5]",5,13986,2015-10-29T13:24:23Z,https://tir.univie.ac.at/wiki/MA-18_antler
MA-19 antler,unidentifiable,antler,3rd–2nd centuries BC,-200,archaeological context,Magrè,"Castello,",Museo Nazionale Atestino,MNA 58814,"length: 11 cm, width: 2.8 cm, height: 9 mm",complete,"Pellegrini 1918: 183 [No. 9], fig. 16; Gambacurta et al. 2002: 189 [cat. No. 22.6]; Nothdurfter 2002: 1149 [list 3, No. 5]",5,13987,2015-10-29T13:25:11Z,https://tir.univie.ac.at/wiki/MA-19_antler
MA-2 antler,unidentifiable,antler,3rd–2nd centuries BC,-200,archaeological context,Magrè,"Castello,",Museo Nazionale Atestino,MNA 58811,"MA-2 antler + MA-3 antler:<br>length: 12.3 cm, width: 2.9 cm, height: 1 cm",fragmentary,"Pellegrini 1918: 185 [No. 13], fig. 20; Gambacurta et al. 2002: 189 [cat. No. 22.3]; Nothdurfter 2002: 1148 [list 3, No. 5]",5,13970,2015-10-29T13:04:49Z,https://tir.univie.ac.at/wiki/MA-2_antler
MA-20 antler,unidentifiable,antler,3rd–2nd centuries BC,-200,archaeological context,Magrè,"Castello,",Museo Nazionale Atestino,MNA 60458,"length: 10.4 cm, width: 3.5 cm, height: 1.5 cm",fragmentary,"Pellegrini 1918: 187 [No. 18], fig. 25; Nothdurfter 2002: 1149 [list 3, No. 5]",5,13988,2015-10-29T13:26:10Z,https://tir.univie.ac.at/wiki/MA-20_antler
MA-21 antler,unidentifiable,antler,3rd–2nd centuries BC,-200,archaeological context,Magrè,"Castello,",unknown,,"length: 2.9 cm, width: 1.8 cm, height: 6.5 mm",fragmentary,"Pellegrini 1918: 186 [No. 16], fig. 23; Nothdurfter 2002: 1149 [list 3, No. 5]",5,13989,2015-10-29T13:27:48Z,https://tir.univie.ac.at/wiki/MA-21_antler
MA-22 antler,unidentifiable,antler,3rd–2nd centuries BC,-200,archaeological context,Magrè,"Castello,",Museo Nazionale Atestino,MNA 60455,"length: 9.1 cm, width: 3 cm, height: 1.4 cm",fragmentary,"Pellegrini 1918: 178 [No. 1], fig. 8; Nothdurfter 2002: 1149 [list 3, No. 5]",5,13990,2015-10-29T13:28:30Z,https://tir.univie.ac.at/wiki/MA-22_antler
MA-23 antler,unidentifiable,antler,3rd–2nd centuries BC,-200,archaeological context,Magrè,"Castello,",Museo Nazionale Atestino,MNA 58817,"length: 12.95 cm, width: 2.6 cm, height: 1.15 cm",complete,"Pellegrini 1918: 188 [No. 19], fig. 26; Gambacurta et al. 2002: 189 [cat. No. 22.9]; Nothdurfter 2002: 1149 [list 3, No. 5]",5,13991,2015-10-29T13:29:17Z,https://tir.univie.ac.at/wiki/MA-23_antler
MA-24 ingot,ingot,lead,3rd–2nd centuries BC,-200,archaeological context,Magrè,"Castello,",Museo Nazionale Atestino,MNA 57549,,fragmentary,"Pellegrini 1918: 174, fig. 6; PID: 48, n. X; LIR: 260–261 with fig.",5,14894,2016-01-26T11:12:30Z,https://tir.univie.ac.at/wiki/MA-24_ingot
MA-3 antler,unidentifiable,antler,3rd–2nd centuries BC,-200,archaeological context,Magrè,"Castello,",Museo Nazionale Atestino,MNA 58811,"MA-2 antler + MA-3 antler:<br>length: 12.3 cm, width: 2.9 cm, height: 1 cm",fragmentary,"Pellegrini 1918: 185 [No. 13], fig. 20; Nothdurfter 2002: 1148 [list 3, No. 5]",0,13971,2015-10-29T13:05:18Z,https://tir.univie.ac.at/wiki/MA-3_antler
MA-4 antler,unidentifiable,antler,3rd–2nd centuries BC,-200,archaeological context,Magrè,"Castello,",Museo Nazionale Atestino,MNA 58808,"length: 5.2 cm, width: 2.2 cm, height: 9 mm",fragmentary,"Pellegrini 1918: 189 [No. 20] fig. 27; Nothdurfter 2002: 1148 [list 3, No. 5]",5,13972,2015-10-29T13:06:38Z,https://tir.univie.ac.at/wiki/MA-4_antler
MA-5 antler,unidentifiable,antler,3rd–2nd centuries BC,-200,archaeological context,Magrè,"Castello,",Museo Nazionale Atestino,MNA 58813,"length: 10.1 cm, width: 2.6 cm, height: 1 cm",complete,"Pellegrini 1918: 185–186 [No. 14], fig. 21; Gambacurta et al. 2002: 190 [cat. No. 22.5]; Nothdurfter 2002: 1148 [list 3, No. 5]",5,13973,2015-10-29T13:07:41Z,https://tir.univie.ac.at/wiki/MA-5_antler
MA-6 antler,unidentifiable,antler,3rd–2nd centuries BC,-200,archaeological context,Magrè,"Castello,",Museo Nazionale Atestino,MNA 58812,"length: 13.8 cm, width: 3.15 cm, height: 1.65 cm","complete, damaged","Pellegrini 1918: 186 [No. 15], fig. 22; Gambacurta et al. 2002: 190 [cat. No. 22.4]; Nothdurfter 2002: 1148 [list 3, No. 5]",5,13974,2015-10-29T13:08:55Z,https://tir.univie.ac.at/wiki/MA-6_antler
MA-7 antler,unidentifiable,antler,3rd–2nd centuries BC,-200,archaeological context,Magrè,"Castello,",unknown,,"length: 5.4 cm, width: 2 cm, height: 7.5 mm",fragmentary,"Pellegrini 1918: 189 [No. 21], fig. 28; Nothdurfter 2002: 1148 [list 3, No. 5]",5,13980,2015-10-29T13:16:50Z,https://tir.univie.ac.at/wiki/MA-7_antler
MA-8 antler,unidentifiable,antler,3rd–2nd centuries BC,-200,archaeological context,Magrè,"Castello,",Museo Nazionale Atestino,MNA 58808,"length: 10.7 cm, width: 2 cm, height: 8.5 mm",complete,"Pellegrini 1918: 183 [No. 10], fig. 17; Nothdurfter 2002: 1148–1149 [list 3, No. 5]",5,13975,2015-10-29T13:10:15Z,https://tir.univie.ac.at/wiki/MA-8_antler
MA-9 antler,unidentifiable,antler,3rd–2nd centuries BC,-200,archaeological context,Magrè,"Castello,",Museo Nazionale Atestino,MNA 58810,"length: 13.9 cm, width: 2.5 cm, height: 2 cm",complete,"Pellegrini 1918: 184 [No. 11], fig. 18; Gambacurta et al. 2002: 189 [cat. No. 22.2]; Nothdurfter 2002: 1149 [list 3, No. 5]",5,13976,2015-10-29T13:11:05Z,https://tir.univie.ac.at/wiki/MA-9_antler
NO-1 fragment,vessel,bronze,,,,Cles,Campi Neri,Castello del Buonconsiglio,6393,"length: 4.9 cm, height: 1.5 cm, thickness: 0.1 mm",fragmentary,PID: 22–23 (No. 209),5,13541,2015-09-17T12:37:00Z,https://tir.univie.ac.at/wiki/NO-1_fragment
NO-10 slab,slab,porphyry,5th–1st centuries BC,-250,unknown,Tavòn,,Castello del Buonconsiglio,6445,"length 50.5 cm, width: 29 cm, height: 27.8 cm",fragmentary,Zamboni 2011f: 640,5,13549,2015-09-17T12:59:41Z,https://tir.univie.ac.at/wiki/NO-10_slab
NO-11 bronze,bronze,bronze,end of the 5th century BC–around 400 BC,-400,archaeological context,Dercolo,,Tiroler Landesmuseum Ferdinandeum,1.086,"length: 11.8 cm, width: 4.7 cm, height: 5 mm",complete,"Wieser 1883: 220–221; Walde-Psenner 1976: 211 (No. 74), fig. 74; Zemmer-Plank et al. 1985: 165 (cat. No. 35)",5,17621,2020-04-16T09:54:53Z,https://tir.univie.ac.at/wiki/NO-11_bronze
NO-12 bowl,bowl,pottery,,,"typology, archaeological context",Dercolo,,Castello del Buonconsiglio,3446,"height: 5.2 cm, rim diameter: 9.4 cm, maximum diameter: 10 cm, base diameter: 2.6 cm, thickness: 4 mm",restored,"IR: 287 [No. 76], pl. LII, fig. c",0,13799,2015-09-29T07:24:54Z,https://tir.univie.ac.at/wiki/NO-12_bowl
NO-13 bone,bone,bone,uncertain,-450,linguistics,Revò,Monte Ozol,Museo delle Scienze di Trento,PEGO 2068,"length: 6.2 cm, width: 3.6 cm, height: 3.4 cm",complete,"Sebesta 1993: 12–13, fig. 2; Sassatelli 1999: 453–474, fig. 5–7, pl. 1 b–d; Marzatico 2011b: 644–645, fig. 7.20",5,17440,2020-04-07T18:55:06Z,https://tir.univie.ac.at/wiki/NO-13_bone
NO-14 potsherd,bowl,pottery,5th–3rd centuries BC,-400,typology,Nonsberg / Val di Non,,Tiroler Landesmuseum Ferdinandeum,16.872,"height: 7.8 cm, rim diameter: 14 cm, maximum diameter: 15.8 cm, thickness: 5 mm","fragmentary, restored",Franz 1957: 108 fig. 2,0,15478,2016-03-23T09:08:40Z,https://tir.univie.ac.at/wiki/NO-14_potsherd
NO-15 rod,unidentifiable,bronze,5th–2nd centuries BC,-300,archaeological context,Cles,"Campi Neri,",Museo Retico Sanzeno,CCN 1406,"length: 10.3 cm, diameter: 9 mm, diameter (gold wire): 1 mm",complete,"Marchesini 2014: 129, fig. 1",0,15004,2016-02-02T09:13:03Z,https://tir.univie.ac.at/wiki/NO-15_rod
NO-16 bronze,bronze,bronze,5th–2nd centuries BC,-300,archaeological context,Cles,"Campi Neri,",Museo Retico Sanzeno,CCN 1043,"length: 6.4 cm, height: 5 cm, width: 1.1 cm",complete,"Marchesini 2014: 137–138, fig. 3a, fig. 3b",0,15000,2016-02-01T17:14:17Z,https://tir.univie.ac.at/wiki/NO-16_bronze
NO-17 bone point,bone,bone,5th–2nd centuries BC,-300,archaeological context,Cles,"Campi Neri,",Museo Retico Sanzeno,CCN 3066,"length: 14.6 cm, width: 9 mm, thickness: 6 mm",complete,"Marchesini 2014: 138, fig. 4",0,15003,2016-02-02T07:39:30Z,https://tir.univie.ac.at/wiki/NO-17_bone_point
NO-18 bowl,bowl,pottery,3rd–2nd centuries BC,-200,typology,Dercolo,,Stadtmuseum Bozen / Museo Civico di Bolzano,431,"height: 6.5 cm, rim diameter: 10 cm, maximum diameter: 10.3 cm, base diameter: 2.6 cm, thickness: 4 mm",restored,"IR: 290 [No. 82], fig. LIV c",0,13798,2015-09-29T07:18:33Z,https://tir.univie.ac.at/wiki/NO-18_bowl
NO-19 plaque,plaque,bronze,,,,Mechel / Meclo,,Castello del Buonconsiglio,6012,"length: 3.2 cm, width: 1.3 cm, thickness: 0.1 mm",fragmentary,unpublished,5,13551,2015-09-17T13:03:22Z,https://tir.univie.ac.at/wiki/NO-19_plaque
NO-2 strainer,strainer,bronze,,,cultural context,Cles,,Tiroler Landesmuseum Ferdinandeum,17.064,"height: 4.4 cm, diameter: 10.2 cm, length: 13.6 cm, thickness: 0.2 mm","fragmentary, damaged",Mayr 1960f: 389; Zemmer-Plank et al. 1985: 166 [cat. No.40],5,16814,2016-09-01T12:38:47Z,https://tir.univie.ac.at/wiki/NO-2_strainer
NO-3 plaque,plaque,bronze,,,,Mechel / Meclo,Valemporga,Castello del Buonconsiglio,4525,"length: 9.9 cm, width: 6.8 cm, thickness: 0.1 mm",complete,Schumacher 2004: 150,5,16811,2016-09-01T12:13:22Z,https://tir.univie.ac.at/wiki/NO-3_plaque
NO-4 antler,handle,antler,5th–1st centuries BC,-250,"archaeological context, cultural context",Mechel / Meclo,Valemporga,Castello del Buonconsiglio,6394,"length: 9.3 cm, width: 4 cm, height: 1.3 cm",fragmentary,Pauli 1888: 143–144; Campi 1889: pl. II.2,0,15227,2016-03-01T15:41:29Z,https://tir.univie.ac.at/wiki/NO-4_antler
NO-5 potsherd,vessel,pottery,5th–1st centuries BC,-250,"archaeological context, cultural context",Mechel / Meclo,Valemporga,Castello del Buonconsiglio,6395,"length: 2.9 cm, height: 2.4 cm, thickness: 8 mm",fragmentary,Pauli 1888: 144–145; Campi 1889: pl. II.3,0,15218,2016-03-01T14:13:56Z,https://tir.univie.ac.at/wiki/NO-5_potsherd
NO-6 fragment,vessel,bronze,,,,Mechel / Meclo,Castellaccio,Castello del Buonconsiglio,6549,"length: 5 cm, height: 1.9 cm, thickness: 0.1 mm",fragmentary,Campi 1905: 90–92; PID: 25 (No. 213),5,13547,2015-09-17T12:57:05Z,https://tir.univie.ac.at/wiki/NO-6_fragment
NO-7 antler,unidentifiable,antler,,,,Mechel / Meclo,,Castello del Buonconsiglio,6409,"length: 8.1 cm, width: 2.6 cm, height: 1.8 cm",fragmentary,"Mayr 1957: 230–231 (No. 1) with photo; Nothdurfter 2002: 1148 (list 3, No. 2,1)",5,13548,2015-09-17T12:57:53Z,https://tir.univie.ac.at/wiki/NO-7_antler
NO-8 fragment,vessel,bronze,,,,Mechel / Meclo,,Tiroler Landesmuseum Ferdinandeum,9.228,"length: 8.9 cm, height: 3.9 cm, thickness (rim): 6 mm, thickness: 0.2 mm","damaged, fragmentary",IR: 286; Schumacher 2004: 151; LIR: 161-162,5,13801,2015-09-29T10:14:44Z,https://tir.univie.ac.at/wiki/NO-8_fragment
NO-9 fibula,fibula,bronze,early 1st century BC,-100,typology,Mechel / Meclo,Valemporga,Tiroler Landesmuseum Ferdinandeum,14.171,"length: 4.4 cm, height: 1.7 cm, width: 9 mm",incomplete,"Gehring 1974: 82, pl. 17.1; Gehring 1976: 151–152, 162, pl. II.10",5,13802,2015-09-29T10:19:35Z,https://tir.univie.ac.at/wiki/NO-9_fibula
PA-1 spatula,spatula,bronze,6th–5th centuries BC,-500,typology,Padova,courtyard of the convent Sant'Antonio,Musei Civici di Padova – Museo Archeologico,XIX-90,"length: 27.7 cm, width: 9.2 cm, thickness: 1.2 mm, thickness (handle): 6 mm",complete,"Tombolani 1976: 196–197 [No. 33], pl. 36 A (recto); Gregnanin 2000: 157–159, fig. 277a (recto), fig. 277b (verso)",5,14014,2015-11-03T08:14:13Z,https://tir.univie.ac.at/wiki/PA-1_spatula
PU-1 girdle plate,girdle plate,bronze,beginning of the 5th century BC,-475,typology,Lothen / Campolino,Burgkofel,Museum Mansio Sebatum,none,"length: 37.3 cm, width: 10.4 cm, thickness: 0.2 mm",complete,"Lunz 1981: 201, fig. 86; Dal Rì 1987: 177–178 (No. 730), fig. 304; Morandi 1999: 49-51 (No. 7); Steiner 2011b: 598–599",3,16892,2016-11-22T18:38:28Z,https://tir.univie.ac.at/wiki/PU-1_girdle_plate
PU-10 potsherd,vessel,pottery,5th–4th centuries BC,-400,archaeological context,St. Lorenzen / San Lorenzo di Sebato,"Steger,",Museum Mansio Sebatum,80064,"height 2.5 cm, width 3.5 cm",fragmentary,"Marinetti 1992: 697 [No. 6], fig. 1.6; Constantini 2002: 41",5,16862,2016-11-15T11:19:40Z,https://tir.univie.ac.at/wiki/PU-10_potsherd
PU-11 stone,unidentifiable,stone,5th–4th centuries BC,-400,archaeological context,St. Lorenzen / San Lorenzo di Sebato,"Steger,",Museum Mansio Sebatum,none,,complete,"Marinetti 1992: 697–698 [No. 7], fig. 2; Constantini 2002: 41",5,16860,2016-11-15T11:19:02Z,https://tir.univie.ac.at/wiki/PU-11_stone
PU-2 loom weight,loom weight,pottery,5th–3rd centuries BC,-350,archaeological context,St. Lorenzen / San Lorenzo di Sebato,Sonnenburger Weinleite,Amt für Bodendenkmäler Bozen / Ufficio Beni archeologici Bolzano,,"length: 7.2 cm, width: 6.6 cm, height: 21 cm",unknown,Mayr 1954: 552–553 with photo; Schumacher 2004: 186–187,5,17446,2020-04-07T21:16:56Z,https://tir.univie.ac.at/wiki/PU-2_loom_weight
PU-3 loom weight,loom weight,schist,late 6th–4th centuries BC,-410,archaeological context,St. Lorenzen / San Lorenzo di Sebato,Puenland,Amt für Bodendenkmäler Bozen / Ufficio Beni archeologici Bolzano,,"diameter: 7.8-8 cm, width: 3.1 cm",complete,Dal Rì 1987: 178 (No. 732); Constantini 2002: 22,5,16859,2016-11-15T11:02:34Z,https://tir.univie.ac.at/wiki/PU-3_loom_weight
PU-4 plaque,plaque,schist,5th century BC,-450,archaeological context,St. Lorenzen / San Lorenzo di Sebato,near the Roman site,Amt für Bodendenkmäler Bozen / Ufficio Beni archeologici Bolzano,,"length: 7.5 cm, width: 3.2 cm, thickness: 1.2 cm",unknown,"Dal Rì 1987: 178 (No. 733), fig. 306; Constantini 2002: 48",5,16857,2016-11-15T10:49:44Z,https://tir.univie.ac.at/wiki/PU-4_plaque
PU-5 bone,unidentifiable,bone,5th–4th centuries BC,-400,archaeological context,St. Lorenzen / San Lorenzo di Sebato,Steger,unknown,,length 6.7 cm,fragmentary,"Marinetti 1992: 692–693 [No. 1], fig. 1.1; Constantini 2002: 41",5,16866,2016-11-15T11:21:02Z,https://tir.univie.ac.at/wiki/PU-5_bone
PU-6 bone,unidentifiable,bone,5th–4th centuries BC,-400,archaeological context,St. Lorenzen / San Lorenzo di Sebato,Steger,unknown,,length 8.2 cm,fragmentary,"Marinetti 1992: 693–694 [No. 2], fig. 1.2; Constantini 2002: 41",5,16864,2016-11-15T11:20:16Z,https://tir.univie.ac.at/wiki/PU-6_bone
PU-7 bone,unidentifiable,bone,5th–4th centuries BC,-400,archaeological context,St. Lorenzen / San Lorenzo di Sebato,Steger,unknown,,length 8.3 cm,fragmentary,"Marinetti 1992: 695–696 [No. 3], fig. 1.3; Constantini 2002: 41",5,16865,2016-11-15T11:20:41Z,https://tir.univie.ac.at/wiki/PU-7_bone
PU-8 potsherd,vessel,pottery,5th–4th centuries BC,-400,archaeological context,St. Lorenzen / San Lorenzo di Sebato,"Steger,",Museum Mansio Sebatum,80062,"height 3.5 cm, width 6 cm",fragmentary,"Marinetti 1992: 696 [No. 4], fig. 1.4; Constantini 2002: 41",5,16863,2016-11-15T11:19:55Z,https://tir.univie.ac.at/wiki/PU-8_potsherd
PU-9 potsherd,vessel,pottery,5th–4th centuries BC,-400,archaeological context,St. Lorenzen / San Lorenzo di Sebato,"Steger,",Museum Mansio Sebatum,80062BIS,"height 3 cm, width 3.5 cm",fragmentary,"Marinetti 1992: 696–697 [No. 5], fig. 1.5; Constantini 2002: 41",5,16861,2016-11-15T11:19:26Z,https://tir.univie.ac.at/wiki/PU-9_potsherd
RN-1 slab,slab,porphyry,,,cultural context,Klobenstein / Collalbo,Piperbühel,Stadtmuseum Bozen / Museo Civico di Bolzano,534,"length: 24 cm,  width: 23 cm, height: 52 cm","complete, damaged",Schumacher 2004: 184,5,13454,2015-09-10T12:56:29Z,https://tir.univie.ac.at/wiki/RN-1_slab
RN-2 rod,unidentifiable,wood,,,,Klobenstein / Collalbo,Piperbühel,Stadtmuseum Bozen / Museo Civico di Bolzano,,"length: 105 cm, diameter: 1.1 cm",unknown,"Ghislanzoni 1928: 308–310, fig. 11, fig. 12, fig. 13; Mayr 1958d: 151-153",5,13455,2015-09-10T12:59:09Z,https://tir.univie.ac.at/wiki/RN-2_rod
RN-3 potsherd,vessel,pottery,,,,Klobenstein / Collalbo,"Piperbühel,",Stadtmuseum Bozen / Museo Civico di Bolzano,,"length (fragment): 8.1 cm, base diameter (vessel): 8.6 cm, thickness: 5 mm",fragmentary,Mayr 1957b,5,13456,2015-09-10T13:04:02Z,https://tir.univie.ac.at/wiki/RN-3_potsherd
SI-1 potsherd,bowl,pottery,3rd–2nd centuries BC,-200,typology,Seis am Schlern / Siusi allo Sciliar,Rungger Egg,Amt für Bodendenkmäler Bozen / Ufficio Beni archeologici Bolzano,33-1/53 S,"length: 2.9 cm, height: 3 cm, thickness: 3 mm",fragmentary,"Gleirscher et al. 2002: 162, pl. 77.2",0,13445,2015-09-10T11:41:53Z,https://tir.univie.ac.at/wiki/SI-1_potsherd
SI-2 potsherd,bowl,pottery,3rd–2nd centuries BC,-200,typology,Seis am Schlern / Siusi allo Sciliar,"Rungger Egg,",Amt für Bodendenkmäler Bozen / Ufficio Beni archeologici Bolzano,33-1/53 L,"length: 7.2 cm, width: 3.8 cm, base diameter: 3.4 cm, thickness: 4 mm",fragmentary,"Gleirscher et al. 2002: 163, pl. 83.17",0,13446,2015-09-10T11:49:35Z,https://tir.univie.ac.at/wiki/SI-2_potsherd
SL-1 helmet,helmet,bronze,second half of the 5<sup>th</sup> century BC,-425,typology,Vače,,Kunsthistorisches Museum Wien – Antikensammlung,VI 2655,"length: 27 cm, width: 25.8 cm, height: 19 cm, thickness: 1 mm",complete,,0,17669,2020-04-16T22:27:04Z,https://tir.univie.ac.at/wiki/SL-1_helmet
SL-2 helmet,helmet,bronze,second half of 5<sup>th</sup>–beginning of 4<sup>th</sup> century BC,-410,typology,Ženjak,Obrat,Kunsthistorisches Museum Wien – Antikensammlung,VI 1659,"length: 28 cm, width: 26 cm, height: 18 cm, thickness: 1 mm","complete, damaged",,0,17755,2020-05-20T21:31:40Z,https://tir.univie.ac.at/wiki/SL-2_helmet
SR-1 antler,unidentifiable,antler,3rd century BC,-250,archaeological context,Serso,Montesei di Serso,Museo delle Scienze di Trento,PEGO 44,"length: 13.7 cm, width: 3.6 cm, height: 5 mm","fragmentary, incomplete, restored","Pellegrini & Sebesta 1965: 3–8, 8 (No. 1), fig. 3; Dal Rì 1987: 176 (No. 725a); Nothdurfter 2002: 1149 (list 3, No. 7)",5,13504,2015-09-13T17:14:08Z,https://tir.univie.ac.at/wiki/SR-1_antler
SR-10 antler,unidentifiable,antler,3rd century BC,-250,archaeological context,Serso,Montesei di Serso,Museo delle Scienze di Trento,PEGO 82,"length: 12 cm, width: 2.1 cm, height: 1.9 cm","damaged, fragmentary, restored","Pellegrini & Sebesta 1965: 3–8, 15 (No. 10) with fig.; Nothdurfter 2002: 1150 (list 3, No. 7)",5,13499,2015-09-11T13:32:17Z,https://tir.univie.ac.at/wiki/SR-10_antler
SR-11 stone,stone,porphyry,3rd century BC,-250,archaeological context,Serso,Montesei di Serso,Museo delle Scienze di Trento,none,"length: 38 cm, width: 27 cm, height: 13 cm","complete, damaged, restored","Pellegrini & Sebesta 1965: 3–8, 15 (No. 11)",5,13500,2015-09-11T13:33:19Z,https://tir.univie.ac.at/wiki/SR-11_stone
SR-12 antler,unidentifiable,antler,3rd century,-250,archaeological context,Serso,Montesei di Serso,Museo delle Scienze di Trento,,"length 2.1 cm, width 2 cm",fragmentary,"Pellegrini & Sebesta 1965: 3–8, 16 (No. 12) with fig.; Nothdurfter 2002: 1150 (list 3, No. 7)",0,9566,2014-11-11T22:30:34Z,https://tir.univie.ac.at/wiki/SR-12_antler
SR-13 antler,unidentifiable,antler,3rd century,-250,archaeological context,Serso,Montesei di Serso,Museo delle Scienze di Trento,PEGO 81,"length: 4.2 cm, width: 1.9 cm, height: 8 mm","damaged, fragmentary, restored","Pellegrini & Sebesta 1965: 3–8, 16 (No. 13) with fig.; Nothdurfter 2002: 1150 (list 3, No. 7)",5,13501,2015-09-11T13:35:09Z,https://tir.univie.ac.at/wiki/SR-13_antler
SR-14 potsherd,bowl,pottery,3rd century,-250,archaeological context,Serso,Montesei di Serso,Museo delle Scienze di Trento,,"7 cm, 6 cm",fragmentary,"Pellegrini & Sebesta 1965: 3–8, 16 (No. 14)",0,9567,2014-11-11T22:31:18Z,https://tir.univie.ac.at/wiki/SR-14_potsherd
SR-15 bowl,bowl,pottery,5th–1st centuries BC,-250,archaeological context,Serso,Montesei di Serso,Museo delle Scienze di Trento,PEGO 14,"height: 7.8 cm, rim diameter: 10.6 cm, maximum diameter: 10.8 cm, base diameter: 3 cm, thickness: 4 mm",complete,"Perini 1965b: 155 (No. B 1), fig. 6",5,13502,2015-09-11T13:37:07Z,https://tir.univie.ac.at/wiki/SR-15_bowl
SR-2 antler,unidentifiable,antler,3rd century BC,-250,archaeological context,Serso,Montesei di Serso,Museo delle Scienze di Trento,PEGO 48,"length: 9.1 cm, width: 8.9 cm, height: 10 mm",fragmentary,"Pellegrini & Sebesta 1965: 3–8, 9–10 (No. 2), fig. 4; Dal Rì 1987: 176 (No. 725b); Nothdurfter 2002: 1149–1150 (list 3, No. 7)",5,13491,2015-09-11T13:18:13Z,https://tir.univie.ac.at/wiki/SR-2_antler
SR-3 antler,unidentifiable,antler,3rd century BC,-250,archaeological context,Serso,Montesei di Serso,Museo delle Scienze di Trento,PEGO 49,"length: 10.4 cm, width: 3 cm, height: 10 mm","fragmentary, restored","Pellegrini & Sebesta 1965: 3–8, 10–11 (No. 3), fig. 5; Dal Rì 1987: 176 (No. 725c); Nothdurfter 2002: 1150 (list 3, No. 7)",5,13492,2015-09-11T13:19:25Z,https://tir.univie.ac.at/wiki/SR-3_antler
SR-4 antler,unidentifiable,antler,3rd century BC,-250,archaeological context,Serso,Montesei di Serso,Museo delle Scienze di Trento,PEGO 1165,"length: 6.1 cm, width: 2.4 cm, height: 2.3 cm",fragmentary,"Pellegrini & Sebesta 1965: 3–8, 11–12 (No. 4), fig. 6 and 7; Nothdurfter 2002: 1150 (list 3, No. 7)",5,13493,2015-09-11T13:21:51Z,https://tir.univie.ac.at/wiki/SR-4_antler
SR-5 antler,handle,antler,3rd century BC,-250,archaeological context,Serso,Montesei di Serso,Museo delle Scienze di Trento,PEGO 83,"length: 11.2 cm, width: 2.8 cm, height: 10 mm","damaged, fragmentary, restored","Pellegrini & Sebesta 1965: 3–8, 12 (No. 5), fig. 8; Dal Rì 1987: 176 (No. 725d); Marzatico 1996: 55, 64 (cat. No. I,21), fig. 13; Nothdurfter 2002: 1150 (list 3, No. 7)",5,13494,2015-09-11T13:22:54Z,https://tir.univie.ac.at/wiki/SR-5_antler
SR-6 antler,unidentifiable,antler,3rd century BC,-250,archaeological context,Serso,Montesei di Serso,Museo delle Scienze di Trento,PEGO 47,"length: 11.6 cm, width: 2.7 cm, height: 7.5 mm","fragmentary, restored","Pellegrini & Sebesta 1965: 3–8, 13 (No. 6), fig. 9; Dal Rì 1987: 176 (No. 725e); Nothdurfter 2002: 1150 (list 3, No. 7)",5,13495,2015-09-11T13:26:50Z,https://tir.univie.ac.at/wiki/SR-6_antler
SR-7 antler,unidentifiable,antler,3rd century BC,-250,archaeological context,Serso,Montesei di Serso,Museo delle Scienze di Trento,PEGO 46,"length: 7.6 cm, width: 3.1 cm, height: 1.1 cm","fragmentary, restored","Pellegrini & Sebesta 1965: 3–8, 13–14 (No. 7), fig. 10; Nothdurfter 2002: 1150 (list 3, No. 7)",5,13496,2015-09-11T13:28:10Z,https://tir.univie.ac.at/wiki/SR-7_antler
SR-8 antler,unidentifiable,antler,3rd century BC,-250,archaeological context,Serso,Montesei di Serso,Museo delle Scienze di Trento,PEGO 88,"length: 5.4 cm, width: 1.9 cm, height: 8.5 mm","fragmentary, restored","Pellegrini & Sebesta 1965: 3–8, 14 (No. 8), fig. 11; Nothdurfter 2002: 1150 (list 3, No. 7)",5,13497,2015-09-11T13:29:25Z,https://tir.univie.ac.at/wiki/SR-8_antler
SR-9 antler,unidentifiable,antler,3rd century BC,-250,archaeological context,Serso,Montesei di Serso,Museo delle Scienze di Trento,PEGO 45,"length: 14.2 cm, width: 2.8 cm, height: 1.1 cm","fragmentary, restored","Pellegrini & Sebesta 1965: 3–8, 14–15 (No. 9) with fig.; Nothdurfter 2002: 1150 (list 3, No. 7)",5,13498,2015-09-11T13:31:01Z,https://tir.univie.ac.at/wiki/SR-9_antler
ST rock,rock,stone,,,,Brandenberg,Schneidjoch,in situ,,"height 4 m, width 3 m",damaged,,0,17763,2020-05-24T20:37:10Z,https://tir.univie.ac.at/wiki/ST_rock
SZ-1 bronze,bronze,bronze,,,,Sanzeno,Casalini,Museo Retico Sanzeno,7678,"length: 11.3 cm, width: 2.6 cm, height: 6 mm",complete,"Roberti 1950: 178–179 (No. I), pl. I.I",1,13478,2015-09-11T10:34:52Z,https://tir.univie.ac.at/wiki/SZ-1_bronze
SZ-10 bronze,bronze,bronze,,,,Sanzeno,"Casalini,",Castello del Buonconsiglio,7665,"length: 8.7 cm, width: 6.4 cm, height: 1.1 cm",restored,"Roberti 1950: 182 (No. X), pl. IV.X",1,13558,2015-09-17T13:14:37Z,https://tir.univie.ac.at/wiki/SZ-10_bronze
SZ-11 bronze,bronze,bronze,,,,Sanzeno,"Casalini,",Museo Retico Sanzeno,7668,"length: 7.8 cm, width: 5.1 cm, height: 7 mm",complete,"Roberti 1950: 183 (No. XI), pl. IV.XI",1,13482,2015-09-11T12:55:12Z,https://tir.univie.ac.at/wiki/SZ-11_bronze
SZ-12 bronze,bronze,bronze,,,,Sanzeno,"Casalini,",Castello del Buonconsiglio,7669,"length: 7 cm, width: 5 cm, height: 7 mm","complete, restored",Schumacher 2004: 135,1,13559,2015-09-17T13:15:25Z,https://tir.univie.ac.at/wiki/SZ-12_bronze
SZ-13 bronze,bronze,bronze,,,,Sanzeno,"Casalini,",Castello del Buonconsiglio,7670,"length: 9.3 cm, width: 3.7 cm, height: 2.2 cm",fragmentary,Schumacher 2004: 135,1,13560,2015-09-17T13:16:19Z,https://tir.univie.ac.at/wiki/SZ-13_bronze
SZ-14 bronze,bronze,bronze,4th–3rd centuries BC,-300,typology,Sanzeno,,Museo Retico Sanzeno,9287,"length: 8.7 cm, width: 9 cm, height: 7 mm",complete,"Ciurletti 1978: 124–125 (No. 5), fig. 42.1; Dal Rì 1987: 175 (No. 723), fig. 302",1,13483,2015-09-11T12:56:37Z,https://tir.univie.ac.at/wiki/SZ-14_bronze
SZ-15 bronze,bronze,bronze,5th–1st centuries BC,-250,archaeological context,Sanzeno,"Casalini,",Museo Retico Sanzeno,9291,"length: 10.1 cm, width: 2.2 cm, height: 6 mm","complete, damaged",Fogolari 1960: 273 (No. 16),1,13484,2015-09-11T12:57:42Z,https://tir.univie.ac.at/wiki/SZ-15_bronze
SZ-16 statuette,statuette,bronze,450–400 BC,-425,typology,Sanzeno,"Casalini,",Castello del Buonconsiglio,3038,"length: 2.9 cm, width: 2.6 cm, height: 10.2 cm",complete,"Walde Psenner 1983: 107–108 (No. 85), fig. 85 and 85a; Guaitoli 2004: 23 with fig. cat. 7.3; Oberosler 2004c: 657–658; Zamboni 2011e: 545",3,13561,2015-09-17T13:18:05Z,https://tir.univie.ac.at/wiki/SZ-16_statuette
SZ-17 handle,vessel,bronze,5th–4th centuries BC,-400,typology,Sanzeno,,Tiroler Landesmuseum Ferdinandeum,13.379,"length: 23.6 cm, height: 8.2 cm, diameter: 6.5 mm","complete, damaged",PID: 17 (No. 198),0,13805,2015-09-29T11:03:48Z,https://tir.univie.ac.at/wiki/SZ-17_handle
SZ-18 key,key,bronze,,,,Sanzeno,,Tiroler Landesmuseum Ferdinandeum,13.464,"length: 21.3 cm, width: 3.6 cm, thickness: 1 cm",complete,Zemmer-Plank et al. 1985: 166 (cat. No. 43),0,13806,2015-09-29T11:07:09Z,https://tir.univie.ac.at/wiki/SZ-18_key
SZ-19 handle,ladle,bronze,5th–4th centuries BC,-400,typology,Sanzeno,,Tiroler Landesmuseum Ferdinandeum,13.126,"length: 23.8 cm, thickness: 8 mm",incomplete,PID: 17–18 [No. 200],10,13827,2015-09-29T16:13:59Z,https://tir.univie.ac.at/wiki/SZ-19_handle
SZ-2 bronze,bronze,bronze,,,,Sanzeno,Casalini,Castello del Buonconsiglio,7671,"length: 13.5 cm, width: 3.4 cm, height: 6 mm",complete,"Roberti 1950: 179 (No. II), pl. I.II",1,13552,2015-09-17T13:05:30Z,https://tir.univie.ac.at/wiki/SZ-2_bronze
SZ-20 bronze,bronze,bronze,5th–1st centuries BC,-250,cultural context,Sanzeno,,Tiroler Landesmuseum Ferdinandeum,13.674,"length: 7 cm, width: 5.7 cm, height: 1.7 cm",incomplete,"Walde-Psenner 1976: 213–214 [No. 78], fig. 78",0,13808,2015-09-29T11:13:35Z,https://tir.univie.ac.at/wiki/SZ-20_bronze
SZ-22 antler,handle,antler,5th–1st centuries BC,-250,cultural context,Sanzeno,,Tiroler Landesmuseum Ferdinandeum,13.454,"length: 5.5 cm, width: 1.9 cm, thickness: 1 cm",fragmentary,Zemmer-Plank et al. 1985: 166 [cat. No. 41],0,15229,2016-03-01T16:01:10Z,https://tir.univie.ac.at/wiki/SZ-22_antler
SZ-23 antler,handle,antler,5th–1st centuries BC,-250,cultural context,Sanzeno,,Tiroler Landesmuseum Ferdinandeum,13.453,"length: 3.5 cm, width: 1.9 cm, height: 6 mm","fragmentary, damaged","PID: 19–20 [No. 203, No. 204]; IR: 282 [No. 63], pl. L, fig. a; Nothdurfter 2002: 1150–1151 [list 3, No. 8]",0,15233,2016-03-02T07:04:04Z,https://tir.univie.ac.at/wiki/SZ-23_antler
SZ-24 antler,unidentifiable,antler,,,"archaeological context, cultural context",Sanzeno,,Castello del Buonconsiglio,,length 8 cm,fragmentary,Weber 1908: 230–213 [No. 5] with drawing; Mayr 1957c: 426 with photo,0,12833,2015-07-14T09:41:53Z,https://tir.univie.ac.at/wiki/SZ-24_antler
SZ-25 gouge,gouge,iron,,,,Sanzeno,,Tiroler Landesmuseum Ferdinandeum,12.575b,"length: 22.6 cm, width: 4.2 cm, diameter (socket): 2.8 cm",complete,"PID: 20 (No. 205); Nothdurfter 1979: 119 (No. 142), pl. 8",0,13866,2015-10-01T12:56:05Z,https://tir.univie.ac.at/wiki/SZ-25_gouge
SZ-26 gouge,gouge,iron,,,,Sanzeno,,Tiroler Landesmuseum Ferdinandeum,12.575a,"length: 22.5 cm, width: 2.7 cm, diameter (socket): 3 cm",complete,"PID: 20–21 (No. 206); Nothdurfter 1979: 119 (No. 141), pl. 8",0,13867,2015-10-01T13:00:37Z,https://tir.univie.ac.at/wiki/SZ-26_gouge
SZ-27 potsherd,bowl,pottery,3rd–2nd centuries BC,-200,typology,Sanzeno,,Tiroler Landesmuseum Ferdinandeum,11.965,"height: 4 cm, rim diameter: 8 cm, maximum diameter: 8.4 cm, thickness: 5 mm","fragmentary, restored",PID: 21 [No. 207a],0,15498,2016-03-30T09:34:33Z,https://tir.univie.ac.at/wiki/SZ-27_potsherd
SZ-28 bowl,bowl,pottery,3rd–2nd centuries BC,-200,typology,Sanzeno,,Tiroler Landesmuseum Ferdinandeum,11.940,"height: 6.6 cm, rim diameter: 9.4 cm, maximum diameter: 9.8 cm, base diameter: 2.4 cm, thickness: 4 mm","complete, restored, damaged",PID: 21 [No. 207b],0,15497,2016-03-30T09:32:55Z,https://tir.univie.ac.at/wiki/SZ-28_bowl
SZ-29 bowl,bowl,pottery,3rd–2nd centuries BC,-200,typology,Sanzeno,,Tiroler Landesmuseum Ferdinandeum,11.947,"height: 5.4 cm, rim diameter: 9.4 cm, maximum diameter: 10.3 cm, base diameter: 2.4 cm, thickness: 4 mm","complete, restored, damaged",PID: 21 [No. 207c],0,17609,2020-04-16T09:46:36Z,https://tir.univie.ac.at/wiki/SZ-29_bowl
SZ-3 bronze,bronze,bronze,,,,Sanzeno,Casalini,Castello del Buonconsiglio,7660,"length: 12 cm, width: 4.8 cm, height: 4 mm",restored,"Roberti 1950: 179–180 (No. III), pl. I.III",1,13553,2015-09-17T13:08:48Z,https://tir.univie.ac.at/wiki/SZ-3_bronze
SZ-30 situla,vessel,bronze,5th–4th centuries BC,-400,typology,Sanzeno,,Tiroler Landesmuseum Ferdinandeum,none,"Reconstructed height: 30.9 cm, length (inscription): 24 cm, thickness: 0.5 mm. <br><br>Dimensions of the different fragments:<br>Fragment A: 9 x 20.7 cm<br>Fragment B: 19.8 x 24.6 cm<br>Fragment C: 10.2 x 12 cm<br>Fragment D: 12 x 12 cm<br>Fragment E: 15.9 x 17.1 cm<br>Fragment F: 8.7 x 3.6 cm<br>Fragment G: 2.3 x 2.4 cm<br>Fragment H: 1.9 x 2.3 cm<br>Fragment I: 18 x 4.1 cm<br>Fragment J: 7.8 x 4.5 cm<br>Fragment K: 14.7 x 6.9 cm",fragmentary,"IR: 266–270; Morandi 1999: 57–59 (No. 15), fig. 21.15, 22",0,13872,2015-10-01T13:34:49Z,https://tir.univie.ac.at/wiki/SZ-30_situla
SZ-31 simpulum,simpulum,bronze,5th–1st centuries BC,-250,"typology, archaeological context",Sanzeno,"Casalini,",Castello del Buonconsiglio,8162,"height: 23.6 cm, height (bowl): 8.8 cm, diameter (bowl): 17.8 cm, thickness (bowl): 0.2 mm, thickness (stem): 9 mm",complete,"Fogolari 1960: 286 (No. 73), pl. I.5; Marzatico 1998: 26–29, fig. 8a; Oberosler 2004b: 646, fig. 6.5",5,13562,2015-09-17T13:21:54Z,https://tir.univie.ac.at/wiki/SZ-31_simpulum
SZ-32 antler,handle,antler,5th–1st centuries BC,-250,cultural context,Sanzeno,,Tiroler Landesmuseum Ferdinandeum,13.443,"length: 7.8 cm, width: 2.6 cm, height: 1.5 cm","incomplete, restored, damaged","IR: 270–271 [No. 31], pl. XLII, fig. b; Nothdurfter 2002: 1150 [list 3, No. 8]",0,15253,2016-03-03T10:21:53Z,https://tir.univie.ac.at/wiki/SZ-32_antler
SZ-33 hoe,hoe,iron,7th–5th centuries BC,-550,typology,Sanzeno,,Tiroler Landesmuseum Ferdinandeum,12.328,"length: 22.8 cm, width: 10 cm, thickness: 1.2 cm",complete,"Franz 1959: 228, pl. 1; Nothdurfter 1979: 127 (No. 359) pl. 29",3,13881,2015-10-02T13:03:28Z,https://tir.univie.ac.at/wiki/SZ-33_hoe
SZ-34 antler,unidentifiable,antler,,,,Sanzeno,,Tiroler Landesmuseum Ferdinandeum,13.442,"length: 4.6 cm, diameter: 1.9 cm",fragmentary,"Franz 1959: 228, fig. 2.2; Nothdurfter 2002: 1150 (list 3, No. 8)",3,13883,2015-10-02T13:05:05Z,https://tir.univie.ac.at/wiki/SZ-34_antler
SZ-35 handle,vessel,bronze,,,,Sanzeno,,Tiroler Landesmuseum Ferdinandeum,13.438,"length: 12.8 cm, diameter: 8 mm",fragmentary,"Franz 1959: 228, pl. 2.1",3,13884,2015-10-02T13:06:12Z,https://tir.univie.ac.at/wiki/SZ-35_handle
SZ-36 situla,vessel,bronze,,,,Sanzeno,,Tiroler Landesmuseum Ferdinandeum,13.593,"length: 17.7 cm, height: 15.3 cm, thickness: 0.2 mm",fragmentary,Franz 1959: 228,3,13885,2015-10-02T13:09:45Z,https://tir.univie.ac.at/wiki/SZ-36_situla
SZ-37 handle,vessel,bronze,,,,Sanzeno,,Tiroler Landesmuseum Ferdinandeum,13.407,"length: 18.3 cm, diameter: 7 mm","damaged, fragmentary",IR: 272; Schumacher 2004: 140,3,13886,2015-10-02T13:11:39Z,https://tir.univie.ac.at/wiki/SZ-37_handle
SZ-38 knife,knife,iron,5th–1st centuries BC,-250,archaeological context,Sanzeno,"Casalini,",Castello del Buonconsiglio,8067,"length 20cm, width max. 5.4 cm, thickness 0.5 cm",fragmentary,"Fogolari 1960: 276 (No. 68); Nothdurfter 1979: 114 (No. 8), pl. 1.8",5,11772,2015-04-24T05:34:18Z,https://tir.univie.ac.at/wiki/SZ-38_knife
SZ-39 axe,axe,iron,5th–1st centuries BC,-250,archaeological context,Sanzeno,"Casalini,",Museo Retico Sanzeno,8100,"length: 15 cm, width: 9.4 cm, height: 4.6 cm",restored,"Fogolari 1960: 276 (No. 99), pl. V, 13–14; Nothdurfter 1979: 102, 120 (No. 180), fig. 23, pl. 11",1,16482,2016-05-05T22:04:29Z,https://tir.univie.ac.at/wiki/SZ-39_axe
SZ-4 bronze,bronze,bronze,,,,Sanzeno,Casalini,Castello del Buonconsiglio,7662,"length: 13 cm, width: 2.8 cm, height: 6.5 mm",complete,"Roberti 1950: 180 (No. IV), pl. II.IV; Ciurletti 1978: 124 (No. 3), fig. 42.2",1,13555,2015-09-17T13:10:28Z,https://tir.univie.ac.at/wiki/SZ-4_bronze
SZ-40 handle,vessel,bronze,,,,Sanzeno,"Casalini,",Castello del Buonconsiglio,8038,"length: 3.3 cm, diameter: 8 mm",fragmentary,Schumacher 2004: 141,5,13563,2015-09-17T13:23:43Z,https://tir.univie.ac.at/wiki/SZ-40_handle
SZ-41 potsherd,vessel,pottery,5th–1st centuries BC,-250,archaeological context,Sanzeno,"Casalini,",Castello del Buonconsiglio,8042,"length: 8.4 cm, height: 6 cm, thickness: 5 mm",fragmentary,Schumacher 2004: 141,5,13564,2015-09-17T13:24:44Z,https://tir.univie.ac.at/wiki/SZ-41_potsherd
SZ-42 handle,key,bronze,,,,Sanzeno,,Tiroler Landesmuseum Ferdinandeum,13.228,"height: 10.5 cm, maximum diameter: 3.1 cm","complete, damaged","Nothdurfter 1979: 141 (No. 785), pl. 54; Gleirscher 1986: 182–183, fig. 4,5; Nothdurfter 2002: 1128, fig. 1.2, 1144 (list 1, No. 1)",5,13887,2015-10-02T13:16:18Z,https://tir.univie.ac.at/wiki/SZ-42_handle
SZ-43 chisel,chisel,iron,,,,Sanzeno,,Tiroler Landesmuseum Ferdinandeum,13.530,"length: 25 cm, width: 3.2 cm, height: 3 cm",complete,"Nothdurfter 1979: 121 (209), pl. 13",3,13888,2015-10-02T13:18:27Z,https://tir.univie.ac.at/wiki/SZ-43_chisel
SZ-44 scythe ring,scythe ring,iron,,,,Sanzeno,,Tiroler Landesmuseum Ferdinandeum,12.100a,"length: 8.6 cm, width: 3.1 cm, height: 2.6 cm",complete,"Nothdurfter 1979: 147 (1075), pl. 65; Zemmer-Plank et al. 1985: 166 (cat. No. 42)",5,13889,2015-10-02T13:22:25Z,https://tir.univie.ac.at/wiki/SZ-44_scythe_ring
SZ-45 scythe ring,scythe ring,iron,,,,Sanzeno,,Tiroler Landesmuseum Ferdinandeum,12.100b,"length: 8.5 cm, width: 3.3 cm, height: 3 cm",complete,"Nothdurfter 1979: 147 (1074), pl. 65; Zemmer-Plank et al. 1985: 166 (cat. No. 42)",5,13891,2015-10-02T13:27:59Z,https://tir.univie.ac.at/wiki/SZ-45_scythe_ring
SZ-46 scythe ring,scythe ring,iron,,,,Sanzeno,,Tiroler Landesmuseum Ferdinandeum,12.334a,"length: 9.3 cm, width: 3.6 cm, height: 3.2 cm",complete,Nothdurfter 1979: 147 (1076); Zemmer-Plank et al. 1985: 166 (cat. No. 42),5,13892,2015-10-02T13:31:46Z,https://tir.univie.ac.at/wiki/SZ-46_scythe_ring
SZ-47 scythe ring,scythe ring,iron,,,,Sanzeno,,Tiroler Landesmuseum Ferdinandeum,12.016,"length: 8 cm, width: 4.2 cm, height: 3.9 cm",complete,Nothdurfter 1979: 147 (1077),5,13893,2015-10-02T13:34:08Z,https://tir.univie.ac.at/wiki/SZ-47_scythe_ring
SZ-48 bone,unidentifiable,bone,,,,Sanzeno,,Tiroler Landesmuseum Ferdinandeum,13.768,"length: 5.1 cm, diameter: 6.5 mm",fragmentary,"Franz 1959: 229, pl. 2.3; Nothdurfter 2002: 1150 (list 3, No. 8)",5,13894,2015-10-02T13:36:34Z,https://tir.univie.ac.at/wiki/SZ-48_bone
SZ-49 tusk,tusk,tooth,,,,Sanzeno,,Tiroler Landesmuseum Ferdinandeum,13.006b,"length: 13.7 cm, width: 2.3 cm, height: 1.4 cm",incomplete,Schumacher 2004: 143,5,13895,2015-10-02T13:37:49Z,https://tir.univie.ac.at/wiki/SZ-49_tusk
SZ-5 bronze,bronze,bronze,,,,Sanzeno,Casalini,Castello del Buonconsiglio,7663,"length: 7.1 cm, width: 2.5 cm, height: 3 mm",complete,"Roberti 1950: 180 (No. V), pl. II.V; Ciurletti 1978: 124 (No. 4), fig. 42.3",1,13556,2015-09-17T13:11:14Z,https://tir.univie.ac.at/wiki/SZ-5_bronze
SZ-50 chisel,chisel,iron,,,,Sanzeno,,Tiroler Landesmuseum Ferdinandeum,12.175,"length: 16.3 cm, diameter (socket): 2 cm",complete,Nothdurfter 1979: 119 (155),5,13896,2015-10-02T13:39:08Z,https://tir.univie.ac.at/wiki/SZ-50_chisel
SZ-51 knife,knife,iron,,,,Sanzeno,,Tiroler Landesmuseum Ferdinandeum,12.349,"length: 14.7 cm, width: 4.7 cm, thickness: 5 mm",fragmentary,"Nothdurfter 1979: 114 (No. 9), pl. 1",5,13955,2015-10-27T15:09:01Z,https://tir.univie.ac.at/wiki/SZ-51_knife
SZ-52 bowl,bowl,pottery,3rd–2nd centuries BC,-200,typology,Sanzeno,,Tiroler Landesmuseum Ferdinandeum,11.944,"height: 6 cm, rim diameter: 8.4 cm, maximum diameter: 8.7 cm, base diameter: 2.4 cm, thickness: 3 mm","complete, damaged","IR: 277 [No. 51], pl. XLVI, fig. b",0,17610,2020-04-16T09:47:19Z,https://tir.univie.ac.at/wiki/SZ-52_bowl
SZ-53 handle,vessel,bronze,5th–1st centuries BC,-250,archaeological context,Sanzeno,"Casalini,",Castello del Buonconsiglio,8009,"length: 13.7 cm, diameter: 5 mm",fragmentary,"Fogolari 1960: 272 (No. 6), pl. II.7",5,13565,2015-09-17T13:26:01Z,https://tir.univie.ac.at/wiki/SZ-53_handle
SZ-54 bowl,bowl,pottery,3rd–2nd centuries BC,-200,typology,Sanzeno,,Tiroler Landesmuseum Ferdinandeum,11.949,"height: 6.6 cm, rim diameter: 9.6 cm, maximum diameter: 9.7 cm, base diameter: 2.6 cm, thickness: 4 mm","complete, restored, damaged","IR: 277–278 [No. 53], pl. XLVII, fig. a, b, c",0,17611,2020-04-16T09:47:50Z,https://tir.univie.ac.at/wiki/SZ-54_bowl
SZ-55 potsherd,bowl,pottery,,,,Sanzeno,,Tiroler Landesmuseum Ferdinandeum,11.951,"height: 2.5 cm, base diameter: 8.8 cm, thickness: 5 mm","damaged, fragmentary","IR: 278 (No. 54), pl. LI, fig. b",3,13958,2015-10-27T15:22:51Z,https://tir.univie.ac.at/wiki/SZ-55_potsherd
SZ-56 bowl,bowl,pottery,3rd–2nd centuries BC,-200,typology,Sanzeno,,Tiroler Landesmuseum Ferdinandeum,11.939,"height: 5.6 cm, rim diameter: 8.4 cm, maximum diameter: 8.7 cm, base diameter: 2.2 cm, thickness: 4 mm","complete, damaged, restored","IR: 278–279 (No. 55), pl. XLVI, fig. c",0,13959,2015-10-27T15:27:40Z,https://tir.univie.ac.at/wiki/SZ-56_bowl
SZ-57 bowl,bowl,pottery,3rd–2nd centuries BC,-200,typology,Sanzeno,,Tiroler Landesmuseum Ferdinandeum,11.936,"height: 5.5 cm, rim diameter: 8 cm, maximum diameter: 8.1 cm, base diameter: 2 cm, thickness: 3 mm","complete, restored","Franz 1959: 228, pl. 2.5; IR: 279, pl. XLVIII, fig. a",0,13960,2015-10-27T15:30:00Z,https://tir.univie.ac.at/wiki/SZ-57_bowl
SZ-58 bowl,bowl,pottery,3rd–2nd centuries BC,-200,typology,Sanzeno,,Tiroler Landesmuseum Ferdinandeum,11.942,"height: 5.9 cm, rim diameter: 11 cm, maximum diameter: 11.6 cm, base diameter: 2.3 cm, thickness: 4 mm","complete, damaged, restored","IR: 279–280 (No. 57), pl. XLVIII, fig. b",0,13961,2015-10-27T15:33:08Z,https://tir.univie.ac.at/wiki/SZ-58_bowl
SZ-59 bowl,bowl,pottery,3rd–2nd centuries BC,-200,typology,Sanzeno,,Tiroler Landesmuseum Ferdinandeum,11.943,"height: 6.5 cm, rim diameter: 9.2 cm, maximum diameter: 9.6 cm, base diameter: 3.2 cm, thickness: 5 mm","complete, damaged, restored",Franz 1959: 228; Zemmer-Plank et al. 1985: 166 (cat. No. 37),0,17612,2020-04-16T09:48:26Z,https://tir.univie.ac.at/wiki/SZ-59_bowl
SZ-6 bronze,bronze,bronze,,,,Sanzeno,"Casalini,",Museo Retico Sanzeno,7661,"length: 7.5 cm, width: 2.1 cm, height: 3 mm",restored,"Roberti 1950: 180–181 (No. VI), pl. II.VI",1,13479,2015-09-11T10:36:22Z,https://tir.univie.ac.at/wiki/SZ-6_bronze
SZ-60 bowl,bowl,pottery,3rd–2nd centuries BC,-200,typology,Sanzeno,,Tiroler Landesmuseum Ferdinandeum,11.937,"height: 6.1 cm, rim diameter: 8.1 cm, maximum diameter: 8.7 cm, base diameter: 2.6 cm, thickness: 3 mm","complete, damaged, restored",Zemmer-Plank et al. 1985: 166 (cat. No. 38),0,17613,2020-04-16T09:49:26Z,https://tir.univie.ac.at/wiki/SZ-60_bowl
SZ-61 bowl,bowl,pottery,3rd–2nd centuries BC,-200,typology,Sanzeno,,Tiroler Landesmuseum Ferdinandeum,11.935,"height: 6.4 cm, rim diameter: 8.4 cm, maximum diameter: 9.8 cm, base diameter: 2,8 cm, thickness: 4 mm",complete,IR: 281 (No. 60),0,17614,2020-04-16T09:49:59Z,https://tir.univie.ac.at/wiki/SZ-61_bowl
SZ-62 axe,axe,iron,,,,Sanzeno,,Tiroler Landesmuseum Ferdinandeum,12.093b,"length: 20.8 cm, width: 7.6 cm, height: 4.4 cm","complete, damaged, restored",Schumacher 2004: 146,5,13897,2015-10-02T13:41:51Z,https://tir.univie.ac.at/wiki/SZ-62_axe
SZ-63 antler,handle,antler,5th–1st centuries BC,-250,cultural context,Sanzeno,,Tiroler Landesmuseum Ferdinandeum,13.533,"length: 8 cm, width: 2.3 cm, height: 1.2 cm","incomplete, damaged","IR: 281 [No. 62], pl. XLIX, fig. c; Nothdurfter 2002: 1150 [list 3, No. 8]",0,15251,2016-03-02T10:38:54Z,https://tir.univie.ac.at/wiki/SZ-63_antler
SZ-65 simpulum,ladle,bronze,,,,Sanzeno,,Tiroler Landesmuseum Ferdinandeum,13.813,"height: 19 cm, diameter (bowl): 9.6 cm, thickness (stem): 7 mm",complete,Schumacher 2004: 147,5,13992,2015-10-29T14:05:19Z,https://tir.univie.ac.at/wiki/SZ-65_simpulum
SZ-66 axe,axe,iron,5th–1st centuries BC,-250,archaeological context,Sanzeno,,Castello del Buonconsiglio,8177/A 1124,"length: 17 cm, width: 3.9 cm, height: 6.7 cm",unknown,"Nothdurfter 1979: 121 (No. 192), pl. 12",5,13566,2015-09-17T13:29:37Z,https://tir.univie.ac.at/wiki/SZ-66_axe
SZ-67 handle,vessel,bronze,,,,Sanzeno,,Tiroler Landesmuseum Ferdinandeum,13.546,"length: 23.8 cm, height: 8.2 cm, thickness: 0.5 mm, thickness (handle): 8 mm",fragmentary,Franz 1959: 228; Zemmer-Plank et al. 1985: 165 (cat. No. 36),5,13954,2015-10-27T14:14:43Z,https://tir.univie.ac.at/wiki/SZ-67_handle
SZ-68 knife,knife,iron,,,,Sanzeno,,Tiroler Landesmuseum Ferdinandeum,7228,"length: 36.4 cm, width: 6.4 cm, thickness: 4 mm",complete,Nothdurfter 1979: 117 (84),5,13951,2015-10-27T14:03:19Z,https://tir.univie.ac.at/wiki/SZ-68_knife
SZ-69 potsherd,bowl,pottery,,-100,typology,Sanzeno,,Tiroler Landesmuseum Ferdinandeum,12.598,"height: 5.1 cm, maximum diameter: 13.6 cm, base diameter: 6 cm, thickness: 6 mm",fragmentary,"IR: 284 (No. 68), pl. LI, fig. a",2,13966,2015-10-27T15:57:55Z,https://tir.univie.ac.at/wiki/SZ-69_potsherd
SZ-7 bronze,bronze,bronze,,,,Sanzeno,"Casalini,",Museo Retico Sanzeno,7664,"length: 9.4 cm, width: 7.3 cm, height: 8 mm","complete, damaged","Roberti 1950: 181 (No. VII), pl. II.VII",1,13480,2015-09-11T12:52:41Z,https://tir.univie.ac.at/wiki/SZ-7_bronze
SZ-70 bowl,bowl,pottery,5th–1st centuries BC,-250,archaeological context,Sanzeno,"Casalini,",Castello del Buonconsiglio,9332,"height: 6.5 cm, rim diameter: 9.8 cm, maximum diameter: 10 cm, base diameter: 2.8 cm, thickness: 5 mm",complete,"Fogolari 1960: 286–287 (No. 91), pl. IX.8",3,13567,2015-09-17T13:31:28Z,https://tir.univie.ac.at/wiki/SZ-70_bowl
SZ-71 statuette,statuette,bronze,late 5th century BC,-410,typology,Sanzeno,,Tiroler Landesmuseum Ferdinandeum,18.601,"length: 7.45 cm, width: 1.5 cm, height: 4.75 cm",incomplete,"Walde-Psenner 1976: 213 (No. 77), fig. 77",3,16850,2016-11-12T09:34:23Z,https://tir.univie.ac.at/wiki/SZ-71_statuette
SZ-72 scythe ring,scythe ring,iron,2nd–1st centuries BC,-100,unknown,Sanzeno,,Tiroler Landesmuseum Ferdinandeum,12.334b,"length: 10 cm, width: 3.8 cm, height: 3.4 cm",incomplete,Nothdurfter 1979: 147 (1073),5,13993,2015-10-29T14:09:25Z,https://tir.univie.ac.at/wiki/SZ-72_scythe_ring
SZ-73 helmet,helmet,iron,4th–3rd centuries BC,-300,typology,Sanzeno,,Tiroler Landesmuseum Ferdinandeum,16.084,"length: 31.5 cm, width: 13.2 cm, height: 23.9 cm, thickness: 1-3 mm","complete, damaged","Schaaff 1977: 157 (No. 8a ), fig.  13–14, pl. 58–61; Nothdurfter 1979: 154 (No. 1275)",5,13994,2015-10-29T14:15:19Z,https://tir.univie.ac.at/wiki/SZ-73_helmet
SZ-74 scythe,scythe,iron,,,,Sanzeno,,Tiroler Landesmuseum Ferdinandeum,12.233,"length: 41 cm, width: 4 cm, thickness: 4 mm",damaged,"Nothdurfter 1979: 126 [No. 327], pl. 21, pl. 87",5,13948,2015-10-27T13:55:50Z,https://tir.univie.ac.at/wiki/SZ-74_scythe
SZ-75 handle,ladle,bronze,,,,Sanzeno,,Tiroler Landesmuseum Ferdinandeum,12.966,"length: 14.2 cm, width: 7 mm, thickness: 1.8 mm",fragmentary,LIR: 101,5,13995,2015-10-29T14:23:32Z,https://tir.univie.ac.at/wiki/SZ-75_handle
SZ-76 axe,axe,iron,,,,Sanzeno,,Tiroler Landesmuseum Ferdinandeum,12.481,"length: 21.9 cm, width: 7.5 cm, height: 4 cm",complete,"Nothdurfter 1979: 121 [No. 195], pl. 12",5,13947,2015-10-27T13:52:46Z,https://tir.univie.ac.at/wiki/SZ-76_axe
SZ-77 axe,axe,iron,,,,Sanzeno,,Tiroler Landesmuseum Ferdinandeum,12.438,"length: 18.1 cm, width: 6.6 cm, height: 4.1 cm",complete,"Nothdurfter 1979: 121 [No. 196], pl. 12, pl. 85",5,13952,2015-10-27T14:05:32Z,https://tir.univie.ac.at/wiki/SZ-77_axe
SZ-78 ladle,ladle,iron,,,,Sanzeno,,Tiroler Landesmuseum Ferdinandeum,12.544,"length: 41 cm, diameter (bowl): ~ 14.8 cm, thickness (stem): 2 cm","complete, damaged, restored","Nothdurfter 1979: 137 [No. 637], pl. 46",5,13996,2015-10-29T14:28:20Z,https://tir.univie.ac.at/wiki/SZ-78_ladle
SZ-79 chisel,chisel,iron,,,,Sanzeno,,Tiroler Landesmuseum Ferdinandeum,13.350,"length: 27.2 cm, width: 3.2 cm, thickness: 1.8 cm",complete,"Nothdurfter 1979: 121–122 [No. 210], pl. 13",5,13997,2015-10-29T14:30:24Z,https://tir.univie.ac.at/wiki/SZ-79_chisel
SZ-8 bronze,bronze,bronze,,,,Sanzeno,"Casalini,",Museo Retico Sanzeno,7666,"length: 10.2 cm, width: 7.5 cm, height: 7 mm","damaged, restored","Roberti 1950: 181 (No. VIII), pl. III.VIII",1,13481,2015-09-11T12:54:09Z,https://tir.univie.ac.at/wiki/SZ-8_bronze
SZ-80 knife,knife,iron,,,,Sanzeno,,Tiroler Landesmuseum Ferdinandeum,12.348,,incomplete,LIR: 138,5,13822,2015-09-29T15:13:13Z,https://tir.univie.ac.at/wiki/SZ-80_knife
SZ-81 axe,axe,iron,,,,Sanzeno,,Tiroler Landesmuseum Ferdinandeum,12.191,"length: 18.3 cm, width: 6.7 cm, height: 1 cm",complete,"Nothdurfter 1979: 120 [No. 171], pl. 10",5,13949,2015-10-27T13:58:18Z,https://tir.univie.ac.at/wiki/SZ-81_axe
SZ-82 cist,vessel,bronze,5th–4th centuries BC,-400,"typology, archaeological context",Sanzeno,,Tiroler Landesmuseum Ferdinandeum,16.083,"height: 24 cm, diameter: 25.2 cm, thickness: 1.5 mm","damaged, fragmentary",Mérey-Kádar 1958: 280-282,5,13953,2015-10-27T14:10:46Z,https://tir.univie.ac.at/wiki/SZ-82_cist
SZ-83 bowl,bowl,pottery,about 250–120 BC,-185,typology,Sanzeno,,Tiroler Landesmuseum Ferdinandeum,11.946,"height: 5.4 cm, rim diameter: 7.9 cm, maximum diameter: 8.5 cm, base diameter: 3 cm, thickness: 4 mm","damaged, incomplete",Zemmer-Plank et al. 1985: 167 (cat. No. 49),0,17615,2020-04-16T09:50:36Z,https://tir.univie.ac.at/wiki/SZ-83_bowl
SZ-84 potsherd,bowl,pottery,3rd–2nd centuries BC,-200,typology,Sanzeno,,Tiroler Landesmuseum Ferdinandeum,11.995a,"height: 5.8 cm, rim diameter: 7.8 cm, maximum diameter: 9.1 cm, base diameter: 3.8 cm, thickness: 5 mm",fragmentary,unpublished,0,14002,2015-10-30T14:24:01Z,https://tir.univie.ac.at/wiki/SZ-84_potsherd
SZ-85 bowl,bowl,pottery,3rd–2nd centuries BC,-200,typology,Sanzeno,,Tiroler Landesmuseum Ferdinandeum,none,"height: 5.5 cm, rim diameter: 8.4 cm, maximum diameter: 9.4 cm, base diameter: 2.7 cm, thickness: 3 mm","complete, restored",unpublished,0,14003,2015-10-30T14:28:06Z,https://tir.univie.ac.at/wiki/SZ-85_bowl
SZ-86 potsherd,bowl,pottery,about 250–120 BC,-185,typology,Sanzeno,,Tiroler Landesmuseum Ferdinandeum,12.606,"height: 5 cm, rim diameter: 7.3 cm, maximum diameter: 7.6 cm, base diameter: 2.8 cm, thickness: 4 mm","fragmentary, restored",unpublished,5,14004,2015-10-30T14:33:01Z,https://tir.univie.ac.at/wiki/SZ-86_potsherd
SZ-87 rod,unidentifiable,bronze,5th–1st centuries BC,-250,archaeological context,Sanzeno,Casalini,Soprintendenza per i beni culturali della Provincia autonoma di Trento – Ufficio beni archeologici,none,"length: 11.8 cm, width: 1.5 cm, height: 7.5 mm","incomplete, damaged","Marchesini 2014: 138, fig. 5",0,17364,2020-03-17T08:58:40Z,https://tir.univie.ac.at/wiki/SZ-87_rod
SZ-88 hoe,hoe,iron,5th–1st centuries BC,-250,archaeological context,Sanzeno,"Casalini,",Castello del Buonconsiglio,8087,"length: 48 cm, width: 15 cm, height: 10 cm",complete,"Fogolari 1960; Zamboni 2011d: 459, fig. 3.11.c",5,13568,2015-09-17T13:35:36Z,https://tir.univie.ac.at/wiki/SZ-88_hoe
SZ-89 potsherd,bowl,pottery,,,,Sanzeno,,Castello del Buonconsiglio,4839,"height: 4.7 cm, rim diameter: 9.8 cm, maximum diameter: 10.6 cm, base diameter: 3 cm, thickness: 0.4 mm",fragmentary,"IR: 284–285, pl. LI, fig. c",5,13569,2015-09-17T13:37:00Z,https://tir.univie.ac.at/wiki/SZ-89_potsherd
SZ-9 bronze,bronze,bronze,4th–3rd centuries BC,-300,typology,Sanzeno,"Casalini,",Castello del Buonconsiglio,7667,"length: 9.3 cm, width: 7.1 cm, height: 1 cm","complete, restored","Roberti 1950: 182, pl. III; Dal Rì 1987: 174–175 (No. 722), fig. 301",1,13557,2015-09-17T13:12:20Z,https://tir.univie.ac.at/wiki/SZ-9_bronze
SZ-90 potsherd,vessel,pottery,,,,Sanzeno,"Casalini,",Castello del Buonconsiglio,7061,"length: 12.9 cm, height: 5 cm, thickness: 1.1 cm",fragmentary,Ghislanzoni 1931:,5,13570,2015-09-17T13:38:33Z,https://tir.univie.ac.at/wiki/SZ-90_potsherd
SZ-91 potsherd,vessel,pottery,5th–1st centuries BC,-250,archaeological context,Sanzeno,"Casalini,",Castello del Buonconsiglio,8011,"length: 3.5 cm, height: 3.5 cm, thickness: 8 mm",fragmentary,Fogolari 1960,5,13571,2015-09-17T13:39:25Z,https://tir.univie.ac.at/wiki/SZ-91_potsherd
SZ-92 axe,axe,iron,5th–1st centuries BC,-250,archaeological context,Sanzeno,"Casalini,",Castello del Buonconsiglio,9335,"length: 21.8 cm, width: 4.1 cm, height: 5.9 cm",complete,Fogolari 1960,5,13572,2015-09-17T13:40:23Z,https://tir.univie.ac.at/wiki/SZ-92_axe
SZ-93 axe,axe,iron,5th–1st centuries BC,-250,archaeological context,Sanzeno,"Casalini,",Castello del Buonconsiglio,9336,"length: 15.6 cm, width: 4.2 cm, height: 12 cm",complete,Fogolari 1960,5,13573,2015-09-17T13:41:20Z,https://tir.univie.ac.at/wiki/SZ-93_axe
SZ-94 bone,unidentifiable,bone,5th–1st centuries BC,-250,archaeological context,Sanzeno,"Casalini,",Museo Retico Sanzeno,none,"length: 9.5 cm, width: 1.6 cm, height: 1.1 cm",fragmentary,unpublished,3,13486,2015-09-11T13:05:04Z,https://tir.univie.ac.at/wiki/SZ-94_bone
SZ-96 rod,unidentifiable,bronze,5th–1st centuries BC,-250,archaeological context,Sanzeno,Casalini,Soprintendenza per i beni culturali della Provincia autonoma di Trento – Ufficio beni archeologici,none,"length: 5.5 cm, width: 1.4 cm, thickness max.: 0.4 cm, thickness min.: 0.1 cm","incomplete, damaged","MLR: 154 [MLR 141], with fig.",0,17361,2020-03-17T08:51:44Z,https://tir.univie.ac.at/wiki/SZ-96_rod
TR-1 bone,bone,bone,end of the 2nd–beginning of the 1st centuries BC,-100,archaeological context,Trissino,Colle di Castello,Museo Naturalistico Archeologico di Vicenza,none,"length: 7.9 cm, width: 1.6 cm, height: 2.1 cm","complete, damaged",Museo Ritrovato 1986: 46 [A36] with photo; Mancini 1995: 146–147 [No. 3.1] with fig.,0,15505,2016-03-30T20:11:09Z,https://tir.univie.ac.at/wiki/TR-1_bone
TR-2 bone,bone,bone,end of the 2nd–beginning of the 1st centuries BC,-100,archaeological context,Trissino,Colle di Castello,Museo Naturalistico Archeologico di Vicenza,none,"length: 7.3 cm, width: 1.5 cm, height: 1.6 cm","complete, damaged",Museo Ritrovato 1986: 46 [A36] with photo; Mancini 1995: 147 [No. 3.2] with fig.,0,15506,2016-03-30T20:13:05Z,https://tir.univie.ac.at/wiki/TR-2_bone
TR-3 bone,bone,bone,end of the 2nd–beginning of the 1st centuries BC,-100,archaeological context,Trissino,Colle di Castello,Museo Naturalistico Archeologico di Vicenza,none,"length: 8.1 cm, width: 1.4 cm, height: 2.1 cm",fragmentary,Museo Ritrovato 1986: 46 [A36] with photo; Mancini 1995: 147–148 [No. 3.3] with fig.,0,15507,2016-03-30T20:14:42Z,https://tir.univie.ac.at/wiki/TR-3_bone
TR-4 bone,bone,bone,end of the 2nd–beginning of the 1st centuries BC,-100,archaeological context,Trissino,Colle di Castello,Museo Naturalistico Archeologico di Vicenza,none,"length: 7.3 cm, width: 1.2 cm, height: 2.3 cm","complete, damaged",Museo Ritrovato 1986: 46 [A36] with photo; Mancini 1995: 148 [No. 3.4] with fig.,0,15508,2016-03-30T20:17:28Z,https://tir.univie.ac.at/wiki/TR-4_bone
TV-1 slab,slab,sandstone,,,,Castelcies,"Chiesa di San Martino di Castelcies,",Chiesa di San Martino di Castelcies,,"length: 27.5 cm,  width: 6-12 cm, height: 25 cm",incomplete,Morandi 1999: 15-29; Schumacher 2004: 173,2,13457,2015-09-10T13:06:39Z,https://tir.univie.ac.at/wiki/TV-1_slab
UG-1 rock,rock,stone,,,,Unterammergau,Pürschling,in situ,,,damaged,,0,17589,2020-04-14T22:17:56Z,https://tir.univie.ac.at/wiki/UG-1_rock
UG-2 rock,rock,stone,,,,Unterammergau,Pürschling,in situ,,,damaged,,0,17542,2020-04-14T13:15:04Z,https://tir.univie.ac.at/wiki/UG-2_rock
UG-3 rock,rock,stone,,,,Unterammergau,Pürschling,in situ,,,damaged,,0,17543,2020-04-14T13:15:08Z,https://tir.univie.ac.at/wiki/UG-3_rock
VN-1 antler,unidentifiable,antler,,,,Mals / Malles Venosta,Tartscher Bühel,Stadtmuseum Meran / Museo Civico di Merano,6757,"length: 11.8 cm, width: 3.5 cm, thickness: 5-8 mm",complete,"Mayr 1953: 365–367, fig. 1a, 1b; Mayr 1956b: 245–246 (No. 2), fig. 2; Nothdurfter 2002: 1149 (list 3, No. 6)",5,13465,2015-09-10T13:42:14Z,https://tir.univie.ac.at/wiki/VN-1_antler
VN-10 bone,unidentifiable,bone,3rd–1st centuries BC,-150,archaeological context,Schluderns / Sluderno,Ganglegg,Vintschger Museum / Museo della Val Venosta,G 2011.46,"length: 12 cm, width: 2.5 cm, height: 1.7 cm",complete,"Gamper & Steiner 1999: 48–49, fig. 24.7, fig. 26; Schumacher 2004: 322–323, pl. 13.1; Gamper 2006: 142–143, fig. 76.1",5,13590,2015-09-18T11:53:56Z,https://tir.univie.ac.at/wiki/VN-10_bone
VN-11 bone point,bone,bone,3rd–1st centuries BC,-150,archaeological context,Schluderns / Sluderno,Ganglegg,Vintschger Museum / Museo della Val Venosta,G 97.207,"length: 7.3 cm + 3.9 cm, width: 1.3 cm, height: 4 mm","incomplete, damaged","Steiner & Gamper 1999: 154–155, fig. 9.10; Schumacher 2004: 323, fig. 13.3; Gamper 2006: 144–146, fig. 77.20",0,15410,2016-03-14T10:42:24Z,https://tir.univie.ac.at/wiki/VN-11_bone_point
VN-12 bone point,bone,bone,3rd–1st centuries BC,-150,archaeological context,Schluderns / Sluderno,Ganglegg,Vintschger Museum / Museo della Val Venosta,G 2011.42,"length: 8 cm, diameter: 7 mm","incomplete, damaged","Gamper & Steiner 1999: 48–51, fig. 24.1; Gamper 2006: 144–146, fig. 77.21",0,15412,2016-03-14T10:44:54Z,https://tir.univie.ac.at/wiki/VN-12_bone_point
VN-13 bone,unidentifiable,bone,3rd–1st centuries BC,-150,archaeological context,Schluderns / Sluderno,Ganglegg,Vintschger Museum / Museo della Val Venosta,G 97.844,"length: 7.3 cm, width: 2.2 cm, height: 1.5 cm",fragmentary,"Steiner & Gamper 1999: 154–155, fig. 9.12; Schumacher 2004: 323–324, fig. 13.5; Gamper 2006: 158, fig. 87.8",5,13593,2015-09-21T12:18:50Z,https://tir.univie.ac.at/wiki/VN-13_bone
VN-14 bone,unidentifiable,bone,3rd–1st centuries BC,-150,archaeological context,Schluderns / Sluderno,Ganglegg,Vintschger Museum / Museo della Val Venosta,,"length: 4.5 cm, width: 2.2 cm, height: 1.1 cm",fragmentary,"Schumacher 2004: 324, pl. 13.6",5,13594,2015-09-21T12:22:42Z,https://tir.univie.ac.at/wiki/VN-14_bone
VN-15 bone,unidentifiable,bone,3rd–1st centuries BC,-150,archaeological context,Schluderns / Sluderno,Ganglegg,Vintschger Museum / Museo della Val Venosta,,"length: 5.8 cm, width: 2.1 cm, height: 1.6 cm",fragmentary,"Schumacher 2004: 323–324, 361 pl. 13.7",5,13595,2015-09-21T12:24:29Z,https://tir.univie.ac.at/wiki/VN-15_bone
VN-16 bone point,bone,bone,last decade of the 2nd–1st centuries BC,-55,"archaeological context, natural science",Schluderns / Sluderno,"Ganglegg,",Vintschger Museum / Museo della Val Venosta,G 2001.211,"length: 9.5 cm, width: 1.3 cm, height: 6.5 mm",fragmentary,"Gamper 2006: 125–129, fig. 63.13",0,16718,2016-05-23T05:28:40Z,https://tir.univie.ac.at/wiki/VN-16_bone_point
VN-17 bone,handle,bone,3rd–1st centuries BC,-150,archaeological context,Schluderns / Sluderno,"Ganglegg,",Vintschger Museum / Museo della Val Venosta,G 2011.44,"length: 6.5 cm, width: 1.2 cm, height: 6 mm",fragmentary,unpublished,5,13597,2015-09-21T12:30:51Z,https://tir.univie.ac.at/wiki/VN-17_bone
VN-18 bone point,bone,bone,2nd half of the 2nd–1st centuries BC,-75,archaeological context,Schluderns / Sluderno,"Ganglegg,",Vintschger Museum / Museo della Val Venosta,G 97/207a,"length: 12.7 cm, width: 1.2 cm, height: 6 mm",complete,"Steiner & Gamper 1999: pl. 9.7; Gamper 2006: 134–137, fig. 73.3",0,15418,2016-03-14T12:40:59Z,https://tir.univie.ac.at/wiki/VN-18_bone_point
VN-19 bone,unidentifiable,bone,3rd–1st centuries BC,-150,archaeological context,Schluderns / Sluderno,"Ganglegg,",Vintschger Museum / Museo della Val Venosta,1999/985,"length: 9.4 cm, width: 2.4 cm, height: 1 cm",fragmentary,Gamper 2000: fig. 12.5; Gamper 2006: fig. 149.8,5,13599,2015-09-21T12:36:50Z,https://tir.univie.ac.at/wiki/VN-19_bone
VN-2 bone,unidentifiable,bone,3rd–1st centuries BC,-150,archaeological context,Schluderns / Sluderno,Ganglegg,Vintschger Museum / Museo della Val Venosta,none,"length: 3.6 cm, width: 1.1 cm, height: 7 mm",fragmentary,"Schubert 1992: 446, fig. 4.1; Schumacher 2004: 177, 208, pl. 3.1",5,13846,2015-09-30T07:30:25Z,https://tir.univie.ac.at/wiki/VN-2_bone
VN-3 bone,unidentifiable,bone,3rd–1st centuries BC,-150,archaeological context,Schluderns / Sluderno,Ganglegg,Vintschger Museum / Museo della Val Venosta,,"length: 4.8 cm, width: 1.4 cm, height: 9 mm",fragmentary,"Schubert 1992: 446, fig. 4.2; Schumacher 2004: 177, 208–209, pl. 3.2",5,13583,2015-09-18T11:22:33Z,https://tir.univie.ac.at/wiki/VN-3_bone
VN-4 bone,unidentifiable,bone,3rd–1st centuries BC,-150,archaeological context,Schluderns / Sluderno,Ganglegg,Vintschger Museum / Museo della Val Venosta,,"length: 10.2 cm, width: 1.8 cm, height: 1.7 cm","complete, damaged","Gamper & Steiner 1999: 48–51, fig. 24.6; Schumacher 2004: 178, 209, pl. 3.3",5,13584,2015-09-18T11:25:39Z,https://tir.univie.ac.at/wiki/VN-4_bone
VN-5 bone,unidentifiable,bone,3rd–1st centuries BC,-150,archaeological context,Schluderns / Sluderno,Ganglegg,Vintschger Museum / Museo della Val Venosta,,"length: 11.9 cm, width: 2.4 cm, height: 1.6 cm",complete,"Gamper & Steiner 1999: 48–51, fig. 24.8",5,13585,2015-09-18T11:30:23Z,https://tir.univie.ac.at/wiki/VN-5_bone
VN-6 bone,unidentifiable,bone,3rd–1st centuries BC,-150,archaeological context,Schluderns / Sluderno,Ganglegg,Vintschger Museum / Museo della Val Venosta,,"length: 11.1 cm, width: 1.9 cm, height: 2 cm",fragmentary,"Gamper & Steiner 1999: 48–51, fig. 24.10",5,13586,2015-09-18T11:35:21Z,https://tir.univie.ac.at/wiki/VN-6_bone
VN-7 bone,handle,bone,3rd–1st centuries BC,-150,archaeological context,Schluderns / Sluderno,Ganglegg,Vintschger Museum / Museo della Val Venosta,unknown,"length: 3 cm, width: 1 cm, height: 9 mm","fragmentary, restored, damaged","Lunz 1991c: 14–15; Schumacher 1994: 313–314 [No. 1.4], fig. 4",0,15254,2016-03-03T10:35:56Z,https://tir.univie.ac.at/wiki/VN-7_bone
VN-8 bone,bone,bone,3rd–1st centuries BC,-150,archaeological context,Schluderns / Sluderno,Ganglegg,Vintschger Museum / Museo della Val Venosta,88–212,"length: 13.2 cm, width: 2.5 cm, height: 1.8 cm","complete, damaged","Gamper & Steiner 1999: 48–51, fig. 24.9; Schumacher 1994b: 296–297, fig. 1; Gamper 2006: 142–143, fig. 76.2",0,16719,2016-05-23T05:45:02Z,https://tir.univie.ac.at/wiki/VN-8_bone
VN-9 bone point,bone,bone,3rd–1st centuries BC,-150,archaeological context,Schluderns / Sluderno,Ganglegg,Vintschger Museum / Museo della Val Venosta,G 2011.41,"length: 10.5 cm, width: 1.3 cm, height: 7 mm",damaged,"Gamper & Steiner 1999: 48–51, fig. 24.3; Schumacher 1994b: 297–298, fig. 2; Gamper 2006: 144–146, fig. 77.24",0,15504,2016-03-30T19:58:54Z,https://tir.univie.ac.at/wiki/VN-9_bone_point
VR-1 antler,votive offering,antler,5th–4th centuries BC,-450,"archaeological context, cultural context",San Briccio,,Museo di Storia Naturale Verona,5028,"length: 23 cm, width in the area of the perforation: 9.5 cm, thickness max.: 1.9 cm, thickness min.: 3.2 cm","incomplete, damaged","Cipolla 1884: 4–13; Mayr 1958: 41 [No. I] with photo; Mancini & Prosdocimi 1976: 111–114, 119–121",0,15314,2016-03-04T21:05:32Z,https://tir.univie.ac.at/wiki/VR-1_antler
VR-10 bronze,bronze,bronze,end of the 2nd–beginning of the 1st centuries BC,-100,archaeological context,San Giorgio di Valpolicella,Casaletti,Soprintendenza Archeologia del Veneto – Nucleo Operativo di Verona,IG VR 65197,"length: 10.1 cm, width max.: 1.8 cm, width min.: 1.6 cm, thickness max.: 0.6 cm, thickness min.: 0.3 cm","incomplete, restored, damaged","Salzani 2003: 95–100; Marinetti 2003: 112 [No. 1], fig. 1.1; Marinetti 2004: 412–414 [No. 1], fig. 2.1",0,14971,2016-01-29T09:26:51Z,https://tir.univie.ac.at/wiki/VR-10_bronze
VR-11 bronze,bronze,bronze,end of the 2nd–beginning of the 1st centuries BC,-100,archaeological context,San Giorgio di Valpolicella,Casaletti,Soprintendenza Archeologia del Veneto – Nucleo Operativo di Verona,IG VR 65196,"length: 6.9 cm, width max.: 2.3 cm, width min.: 1.5 cm, thickness: 0.5 cm","incomplete, damaged","Salzani 2003: 95–100; Marinetti 2003: 112 [No. 2], fig. 1.2; Marinetti 2004: 414 [No. 2], fig. 2.2",0,14953,2016-01-28T10:19:02Z,https://tir.univie.ac.at/wiki/VR-11_bronze
VR-12 bone,unidentifiable,bone,end of the 2nd–beginning of the 1st centuries BC,-100,archaeological context,San Giorgio di Valpolicella,Casaletti,Soprintendenza Archeologia del Veneto – Nucleo Operativo di Verona,IG VR 65204,"length: 5.5 cm, thickness max.: 1.7 cm, thickness min.: 1.4 cm","incomplete, damaged","Salzani 2003: 95–100; Marinetti 2003: 112 [No. 3], fig. 1.3; Marinetti 2004: 414 [No. 3], fig. 2.3",0,14951,2016-01-28T08:29:59Z,https://tir.univie.ac.at/wiki/VR-12_bone
VR-13 bone,unidentifiable,bone,end of the 2nd–beginning of the 1st centuries BC,-100,archaeological context,San Giorgio di Valpolicella,Casaletti,Soprintendenza Archeologia del Veneto – Nucleo Operativo di Verona,IG VR 65200,"length: 6.6 cm, thickness (end) max.: 2 cm, thickness (end) min: 1.7 cm, thickness (centre): 1.3 cm",complete,"Salzani 2003: 95–100; Marinetti 2003: 114 [No. 4], fig. 1.4; Marinetti 2004: 414–415 [No. 4], fig. 2.4",0,14948,2016-01-28T08:09:48Z,https://tir.univie.ac.at/wiki/VR-13_bone
VR-14 bone,unidentifiable,bone,end of the 2nd–beginning of the 1st centuries BC,-100,archaeological context,San Giorgio di Valpolicella,Casaletti,Soprintendenza Archeologia del Veneto – Nucleo Operativo di Verona,IG VR 65198,"length: 8.3 cm, width max.: 2 cm, width min.: 1.3 cm, thickness: about 1 cm",complete,"Salzani 2003: 95–100; Marinetti 2003: 114 [No. 5], fig. 1.5; Marinetti 2004: 415 [No. 5], fig. 2.5",0,14945,2016-01-28T07:49:24Z,https://tir.univie.ac.at/wiki/VR-14_bone
VR-15 bone,unidentifiable,bone,end of the 2nd–beginning of the 1st centuries BC,-100,archaeological context,San Giorgio di Valpolicella,Casaletti,Soprintendenza Archeologia del Veneto – Nucleo Operativo di Verona,IG VR 65199,"length: 7 cm, width max.: 1.5 cm, width min.: 1.4 cm","complete, damaged","Salzani 2003: 95–100; Marinetti 2003: 114 [No. 6], fig. 1.6; Marinetti 2004: 415 [No. 6], fig. 2.6",0,14941,2016-01-27T16:03:28Z,https://tir.univie.ac.at/wiki/VR-15_bone
VR-16 bone,unidentifiable,bone,end of the 2nd–beginning of the 1st centuries BC,-100,archaeological context,San Giorgio di Valpolicella,Casaletti,Soprintendenza Archeologia del Veneto – Nucleo Operativo di Verona,IG VR 65201,"length: 7.9 cm, width max.: 1.5 cm, width min.: 1.4 cm","complete, damaged","Salzani 2003: 95–100; Marinetti 2003: 114 [No. 7], fig. 1.7; Marinetti 2004: 415 [No. 7], fig. 2.7",0,14942,2016-01-27T16:08:34Z,https://tir.univie.ac.at/wiki/VR-16_bone
VR-17 bone point,bone,bone,end of the 2nd–beginning of the 1st centuries BC,-100,archaeological context,San Giorgio di Valpolicella,Casaletti,Soprintendenza Archeologia del Veneto – Nucleo Operativo di Verona,IG VR 65205,"fragment 1: length: 5.4 cm, thickness: 0.6 cm; fragment 2: length: 4.3 cm, thickness max.: 0.6 cm, thickness min.: 0.3 cm; diameter perforation: ca. 0.5 cm","fragmentary, restored","Salzani 2003: 95–100; Marinetti 2003: 114 [No. 14], fig. 2.14; Marinetti 2004: 415–416 [No. 14], fig. 3.14",0,14920,2016-01-27T10:54:22Z,https://tir.univie.ac.at/wiki/VR-17_bone_point
VR-2 antler,votive offering,antler,5th–4th centuries BC,-450,"archaeological context, cultural context",San Briccio,,Museo di Storia Naturale Verona,5027,"length: 13.3 cm, width: 3.2 cm, thickness: 1.7 cm","incomplete, damaged","Cipolla 1884: 4–13; Mayr 1958: 41–42 [No. II] with photo; Mancini & Prosdocimi 1976: 111–114, 119–121",0,15315,2016-03-04T21:06:48Z,https://tir.univie.ac.at/wiki/VR-2_antler
VR-3 spit,spit,bronze,uncertain,-400,unknown,Ca' dei Cavri,,Museo Miniscalchi Erizzo,none,length 56 cm,damaged,,0,18229,2023-05-02T12:48:08Z,https://tir.univie.ac.at/wiki/VR-3_spit
VR-4 bone,unidentifiable,bone,1st century BC,-50,archaeological context,Castelrotto,,Soprintendenza Archeologia del Veneto – Nucleo Operativo di Verona,none,length 7 cm,complete,Marinetti 1991: 39–42 with fig.; MLR: 152 [MLR 139] with drawing,5,15435,2016-03-15T11:05:37Z,https://tir.univie.ac.at/wiki/VR-4_bone
VR-6 antler,unidentifiable,antler,4th–3rd centuries BC,-300,archaeological context,Montorio Veronese,Castello di Montorio Veronese,Soprintendenza Archeologia del Veneto – Nucleo Operativo di Verona,IG VR 61598,"length: 9.2 cm, thickness max.: 3.2 cm",fragmentary,Marinetti 2004: 409–410 [No. 1] with fig.; MLR: 258 with photo,0,15430,2016-03-15T09:56:21Z,https://tir.univie.ac.at/wiki/VR-6_antler
VR-7 bone,unidentifiable,bone,4th–3rd centuries BC,-300,archaeological context,Montorio Veronese,Castello di Montorio Veronese,Soprintendenza Archeologia del Veneto – Nucleo Operativo di Verona,none,"length max.: 3.3 cm, width: 1.2 cm",fragmentary,Marinetti 2004: 410–411 [No. 2] with fig.; MLR: 258 with photo,0,15431,2016-03-15T10:01:28Z,https://tir.univie.ac.at/wiki/VR-7_bone
VR-8 bone,unidentifiable,bone,4th–3rd centuries BC,-300,archaeological context,Montorio Veronese,Castello di Montorio Veronese,Soprintendenza Archeologia del Veneto – Nucleo Operativo di Verona,none,"length: 3.3cm, width: 1cm",complete,Marinetti 2004: 412 [No. 3] with fig.; MLR: 259 with photo,0,15428,2016-03-15T09:45:33Z,https://tir.univie.ac.at/wiki/VR-8_bone
VR-9 potsherd,vessel,pottery,4th–3rd centuries BC,-300,archaeological context,Montorio Veronese,Castello di Montorio Veronese,Soprintendenza Archeologia del Veneto – Nucleo Operativo di Verona,none,"width: 6.8 cm, height: 4.3 cm, thickness max.: 1.5 cm, thickness min.: 1.2 cm",fragmentary,Marinetti 2000: 74–75 [No. 1]; Marinetti 2004: 409,0,15462,2016-03-18T08:05:10Z,https://tir.univie.ac.at/wiki/VR-9_potsherd
WE-1 handle,vessel,bronze,5th–4th centuries BC,-400,typology,Matrei am Brenner,,Tiroler Landesmuseum Ferdinandeum,2.276,"length: 8.6 cm, diameter: 8 mm",fragmentary,Zemmer-Plank et al. 1985: 166 (cat. No. 39),5,14005,2015-10-30T14:34:35Z,https://tir.univie.ac.at/wiki/WE-1_handle
WE-2 potsherd,vessel,pottery,,,,Sterzing / Vipiteno,"Kronbühel / Custozza,",unknown,,"length: 4.5 cm, height: 4 cm, thickness: 4-5 mm",fragmentary,"Schumacher 2004: 189, 214, pl. 5,2, pl. 6,1",5,13448,2015-09-10T12:07:42Z,https://tir.univie.ac.at/wiki/WE-2_potsherd
WE-3 antler,handle,antler,4th–3rd centuries BC,-300,unknown,Brixen / Bressanone,Stufels,Amt für Bodendenkmäler Bozen / Ufficio Beni archeologici Bolzano,St. 6992,"length: 10.5 cm,  width: 2.3 cm, height:  1.9 cm",damaged,"Dal Rì 1987: 178 [No. 731], fig. 305; Nothdurfter 2002: 1147 [list 2, No. 2], fig. 1,7; Tecchiati et al. 2011: 53, fig. 35–37, fig. 38",0,15226,2016-03-01T15:38:34Z,https://tir.univie.ac.at/wiki/WE-3_antler
WE-4 potsherd,pot,pottery,5th–4th centuries BC,-400,"typology, archaeological context",Brixen / Bressanone,Stufels,Amt für Bodendenkmäler Bozen / Ufficio Beni archeologici Bolzano,,"height: 17.6 cm, rim diameter: 16.6 cm, maximum diameter: 20.4 cm, thickness: 5-7 mm","fragmentary, restored","Tecchiati et al. 2011: 49–53, fig. 33, fig. 34",5,13450,2015-09-10T12:17:58Z,https://tir.univie.ac.at/wiki/WE-4_potsherd
WE-5 potsherd,bowl,pottery,4th–3rd centuries BC,-300,typology,Mellaun / Meluno,"Reiferfelder,",Tiroler Landesmuseum Ferdinandeum,11.554,"height: 5.1 cm, rim diameter: 7.4 cm, maximum diameter: 8.3 cm, base diameter: 2.4 cm, thickness: 5 mm",fragmentary,"Merhart 1927: 109, fig. XVI.3; Lunz 1974: 111, 396–397 [No. 66.6], pl. 66.6",0,17637,2020-04-16T10:05:51Z,https://tir.univie.ac.at/wiki/WE-5_potsherd
WE-6 potsherd,bowl,pottery,3rd–2nd centuries BC,-200,typology,Mellaun / Meluno,,Tiroler Landesmuseum Ferdinandeum,11.556,,fragmentary,unpublished,3,13752,2015-09-28T08:50:04Z,https://tir.univie.ac.at/wiki/WE-6_potsherd
WE-7 potsherd,bowl,pottery,,,archaeological context,Mellaun / Meluno,Reiferfelder,Tiroler Landesmuseum Ferdinandeum,11.562,,"fragmentary, restored","Franz 1957: 108–109, fig. 3",0,17638,2020-04-16T10:06:54Z,https://tir.univie.ac.at/wiki/WE-7_potsherd
